"Year","Geo Level","State","State ANSI","organic_flag","organic_detail","Measure","bearing_type","Domain","size_bracket","Value","CV (%)"
2022,"NATIONAL","US TOTAL",NA,NA,NA,"ACRES","BEARING","AREA GROWN","(0.1 TO 0.9 ACRES)",963,5.6
2022,"NATIONAL","US TOTAL",NA,NA,NA,"ACRES","BEARING","AREA GROWN","(1.0 TO 4.9 ACRES)",3195,5.9
2022,"NATIONAL","US TOTAL",NA,NA,NA,"ACRES","BEARING","AREA GROWN","(100 OR MORE ACRES)",46265,25.3
2022,"NATIONAL","US TOTAL",NA,NA,NA,"ACRES","BEARING","AREA GROWN","(15.0 TO 24.9 ACRES)",2514,20
2022,"NATIONAL","US TOTAL",NA,NA,NA,"ACRES","BEARING","AREA GROWN","(25.0 TO 49.9 ACRES)",4231,13
2022,"NATIONAL","US TOTAL",NA,NA,NA,"ACRES","BEARING","AREA GROWN","(5.0 TO 14.9 ACRES)",3396,8.6
2022,"NATIONAL","US TOTAL",NA,NA,NA,"ACRES","BEARING","AREA GROWN","(50.0 TO 99.9 ACRES)",10146,50.5
2022,"NATIONAL","US TOTAL",NA,NA,NA,"ACRES","BEARING","TOTAL","TOTAL",70709,15.4
2022,"NATIONAL","US TOTAL",NA,NA,NA,"ACRES","GROWN","AREA GROWN","(0.1 TO 0.9 ACRES)",1199,6.2
2022,"NATIONAL","US TOTAL",NA,NA,NA,"ACRES","GROWN","AREA GROWN","(1.0 TO 4.9 ACRES)",3729,5.3
2022,"NATIONAL","US TOTAL",NA,NA,NA,"ACRES","GROWN","AREA GROWN","(100 OR MORE ACRES)",46931,25
2022,"NATIONAL","US TOTAL",NA,NA,NA,"ACRES","GROWN","AREA GROWN","(15.0 TO 24.9 ACRES)",2758,19.1
2022,"NATIONAL","US TOTAL",NA,NA,NA,"ACRES","GROWN","AREA GROWN","(25.0 TO 49.9 ACRES)",4441,12.7
2022,"NATIONAL","US TOTAL",NA,NA,NA,"ACRES","GROWN","AREA GROWN","(5.0 TO 14.9 ACRES)",3942,7.9
2022,"NATIONAL","US TOTAL",NA,NA,NA,"ACRES","GROWN","AREA GROWN","(50.0 TO 99.9 ACRES)",10461,47.6
2022,"NATIONAL","US TOTAL",NA,NA,NA,"ACRES","GROWN","TOTAL","TOTAL",73462,15.3
2022,"NATIONAL","US TOTAL",NA,NA,NA,"ACRES","NON-BEARING","AREA GROWN","(0.1 TO 0.9 ACRES)",236,13.2
2022,"NATIONAL","US TOTAL",NA,NA,NA,"ACRES","NON-BEARING","AREA GROWN","(1.0 TO 4.9 ACRES)",535,5.1
2022,"NATIONAL","US TOTAL",NA,NA,NA,"ACRES","NON-BEARING","AREA GROWN","(100 OR MORE ACRES)",666,4.2
2022,"NATIONAL","US TOTAL",NA,NA,NA,"ACRES","NON-BEARING","AREA GROWN","(15.0 TO 24.9 ACRES)",244,34.1
2022,"NATIONAL","US TOTAL",NA,NA,NA,"ACRES","NON-BEARING","AREA GROWN","(25.0 TO 49.9 ACRES)",210,37.3
2022,"NATIONAL","US TOTAL",NA,NA,NA,"ACRES","NON-BEARING","AREA GROWN","(5.0 TO 14.9 ACRES)",547,9.9
2022,"NATIONAL","US TOTAL",NA,NA,NA,"ACRES","NON-BEARING","AREA GROWN","(50.0 TO 99.9 ACRES)",315,NA
2022,"NATIONAL","US TOTAL",NA,NA,NA,"ACRES","NON-BEARING","TOTAL","TOTAL",2753,15.5
2022,"NATIONAL","US TOTAL",NA,NA,NA,"OPERATIONS","AREA BEARING","AREA GROWN","(0.1 TO 0.9 ACRES)",4690,6.4
2022,"NATIONAL","US TOTAL",NA,NA,NA,"OPERATIONS","AREA BEARING","AREA GROWN","(1.0 TO 4.9 ACRES)",1812,6.1
2022,"NATIONAL","US TOTAL",NA,NA,NA,"OPERATIONS","AREA BEARING","AREA GROWN","(100 OR MORE ACRES)",161,25.4
2022,"NATIONAL","US TOTAL",NA,NA,NA,"OPERATIONS","AREA BEARING","AREA GROWN","(15.0 TO 24.9 ACRES)",146,17.2
2022,"NATIONAL","US TOTAL",NA,NA,NA,"OPERATIONS","AREA BEARING","AREA GROWN","(25.0 TO 49.9 ACRES)",131,11.9
2022,"NATIONAL","US TOTAL",NA,NA,NA,"OPERATIONS","AREA BEARING","AREA GROWN","(5.0 TO 14.9 ACRES)",510,7.3
2022,"NATIONAL","US TOTAL",NA,NA,NA,"OPERATIONS","AREA BEARING","AREA GROWN","(50.0 TO 99.9 ACRES)",146,44
2022,"NATIONAL","US TOTAL",NA,NA,NA,"OPERATIONS","AREA BEARING","TOTAL","TOTAL",7596,5.7
2022,"NATIONAL","US TOTAL",NA,NA,NA,"OPERATIONS","AREA GROWN","AREA GROWN","(0.1 TO 0.9 ACRES)",5508,7
2022,"NATIONAL","US TOTAL",NA,NA,NA,"OPERATIONS","AREA GROWN","AREA GROWN","(1.0 TO 4.9 ACRES)",1884,5.7
2022,"NATIONAL","US TOTAL",NA,NA,NA,"OPERATIONS","AREA GROWN","AREA GROWN","(100 OR MORE ACRES)",161,25.4
2022,"NATIONAL","US TOTAL",NA,NA,NA,"OPERATIONS","AREA GROWN","AREA GROWN","(15.0 TO 24.9 ACRES)",147,18.3
2022,"NATIONAL","US TOTAL",NA,NA,NA,"OPERATIONS","AREA GROWN","AREA GROWN","(25.0 TO 49.9 ACRES)",131,11.9
2022,"NATIONAL","US TOTAL",NA,NA,NA,"OPERATIONS","AREA GROWN","AREA GROWN","(5.0 TO 14.9 ACRES)",514,7.3
2022,"NATIONAL","US TOTAL",NA,NA,NA,"OPERATIONS","AREA GROWN","AREA GROWN","(50.0 TO 99.9 ACRES)",146,44
2022,"NATIONAL","US TOTAL",NA,NA,NA,"OPERATIONS","AREA GROWN","TOTAL","TOTAL",8491,5.8
2022,"NATIONAL","US TOTAL",NA,NA,NA,"OPERATIONS","AREA NON-BEARING","AREA GROWN","(0.1 TO 0.9 ACRES)",1270,13.7
2022,"NATIONAL","US TOTAL",NA,NA,NA,"OPERATIONS","AREA NON-BEARING","AREA GROWN","(1.0 TO 4.9 ACRES)",562,6.4
2022,"NATIONAL","US TOTAL",NA,NA,NA,"OPERATIONS","AREA NON-BEARING","AREA GROWN","(100 OR MORE ACRES)",17,27.9
2022,"NATIONAL","US TOTAL",NA,NA,NA,"OPERATIONS","AREA NON-BEARING","AREA GROWN","(15.0 TO 24.9 ACRES)",43,19
2022,"NATIONAL","US TOTAL",NA,NA,NA,"OPERATIONS","AREA NON-BEARING","AREA GROWN","(25.0 TO 49.9 ACRES)",22,40.9
2022,"NATIONAL","US TOTAL",NA,NA,NA,"OPERATIONS","AREA NON-BEARING","AREA GROWN","(5.0 TO 14.9 ACRES)",200,8.2
2022,"NATIONAL","US TOTAL",NA,NA,NA,"OPERATIONS","AREA NON-BEARING","AREA GROWN","(50.0 TO 99.9 ACRES)",16,72.6
2022,"NATIONAL","US TOTAL",NA,NA,NA,"OPERATIONS","AREA NON-BEARING","TOTAL","TOTAL",2130,8.4
2022,"STATE","ALABAMA","01",NA,NA,"ACRES","BEARING","TOTAL","TOTAL",162,16.9
2022,"STATE","ALABAMA","01",NA,NA,"ACRES","GROWN","TOTAL","TOTAL",171,17.5
2022,"STATE","ALABAMA","01",NA,NA,"ACRES","NON-BEARING","TOTAL","TOTAL",9,80
2022,"STATE","ALABAMA","01",NA,NA,"OPERATIONS","AREA BEARING","TOTAL","TOTAL",107,19.7
2022,"STATE","ALABAMA","01",NA,NA,"OPERATIONS","AREA GROWN","TOTAL","TOTAL",119,17.5
2022,"STATE","ALABAMA","01",NA,NA,"OPERATIONS","AREA NON-BEARING","TOTAL","TOTAL",18,26.9
2022,"STATE","ALASKA","02",NA,NA,"ACRES","BEARING","TOTAL","TOTAL",11,NA
2022,"STATE","ALASKA","02",NA,NA,"ACRES","GROWN","TOTAL","TOTAL",14,NA
2022,"STATE","ALASKA","02",NA,NA,"ACRES","NON-BEARING","TOTAL","TOTAL",3,NA
2022,"STATE","ALASKA","02",NA,NA,"OPERATIONS","AREA BEARING","TOTAL","TOTAL",45,NA
2022,"STATE","ALASKA","02",NA,NA,"OPERATIONS","AREA GROWN","TOTAL","TOTAL",50,NA
2022,"STATE","ALASKA","02",NA,NA,"OPERATIONS","AREA NON-BEARING","TOTAL","TOTAL",8,NA
2022,"STATE","ARIZONA","04",NA,NA,"ACRES","BEARING","TOTAL","TOTAL",3,29.4
2022,"STATE","ARIZONA","04",NA,NA,"ACRES","GROWN","TOTAL","TOTAL",4,33.8
2022,"STATE","ARIZONA","04",NA,NA,"ACRES","NON-BEARING","TOTAL","TOTAL",1,93.3
2022,"STATE","ARIZONA","04",NA,NA,"OPERATIONS","AREA BEARING","TOTAL","TOTAL",16,25.8
2022,"STATE","ARIZONA","04",NA,NA,"OPERATIONS","AREA GROWN","TOTAL","TOTAL",24,15.8
2022,"STATE","ARIZONA","04",NA,NA,"OPERATIONS","AREA NON-BEARING","TOTAL","TOTAL",9,38
2022,"STATE","ARKANSAS","05",NA,NA,"ACRES","BEARING","TOTAL","TOTAL",116,33.4
2022,"STATE","ARKANSAS","05",NA,NA,"ACRES","GROWN","TOTAL","TOTAL",128,33
2022,"STATE","ARKANSAS","05",NA,NA,"ACRES","NON-BEARING","TOTAL","TOTAL",12,42.1
2022,"STATE","ARKANSAS","05",NA,NA,"OPERATIONS","AREA BEARING","TOTAL","TOTAL",71,36
2022,"STATE","ARKANSAS","05",NA,NA,"OPERATIONS","AREA GROWN","TOTAL","TOTAL",80,35.7
2022,"STATE","ARKANSAS","05",NA,NA,"OPERATIONS","AREA NON-BEARING","TOTAL","TOTAL",24,34.2
2022,"STATE","CALIFORNIA","06",NA,NA,"ACRES","BEARING","AREA GROWN","(0.1 TO 0.9 ACRES)",NA,NA
2022,"STATE","CALIFORNIA","06",NA,NA,"ACRES","BEARING","AREA GROWN","(1.0 TO 4.9 ACRES)",138,NA
2022,"STATE","CALIFORNIA","06",NA,NA,"ACRES","BEARING","AREA GROWN","(100 OR MORE ACRES)",35019,32.5
2022,"STATE","CALIFORNIA","06",NA,NA,"ACRES","BEARING","AREA GROWN","(15.0 TO 24.9 ACRES)",NA,NA
2022,"STATE","CALIFORNIA","06",NA,NA,"ACRES","BEARING","AREA GROWN","(25.0 TO 49.9 ACRES)",1699,31
2022,"STATE","CALIFORNIA","06",NA,NA,"ACRES","BEARING","AREA GROWN","(5.0 TO 14.9 ACRES)",370,31.6
2022,"STATE","CALIFORNIA","06",NA,NA,"ACRES","BEARING","AREA GROWN","(50.0 TO 99.9 ACRES)",8154,68.4
2022,"STATE","CALIFORNIA","06",NA,NA,"ACRES","BEARING","TOTAL","TOTAL",46093,21.8
2022,"STATE","CALIFORNIA","06",NA,NA,"ACRES","GROWN","AREA GROWN","(0.1 TO 0.9 ACRES)",46,45.6
2022,"STATE","CALIFORNIA","06",NA,NA,"ACRES","GROWN","AREA GROWN","(1.0 TO 4.9 ACRES)",165,91.9
2022,"STATE","CALIFORNIA","06",NA,NA,"ACRES","GROWN","AREA GROWN","(100 OR MORE ACRES)",35457,32.1
2022,"STATE","CALIFORNIA","06",NA,NA,"ACRES","GROWN","AREA GROWN","(15.0 TO 24.9 ACRES)",676,42.5
2022,"STATE","CALIFORNIA","06",NA,NA,"ACRES","GROWN","AREA GROWN","(25.0 TO 49.9 ACRES)",1736,30.8
2022,"STATE","CALIFORNIA","06",NA,NA,"ACRES","GROWN","AREA GROWN","(5.0 TO 14.9 ACRES)",409,31.8
2022,"STATE","CALIFORNIA","06",NA,NA,"ACRES","GROWN","AREA GROWN","(50.0 TO 99.9 ACRES)",8323,65.6
2022,"STATE","CALIFORNIA","06",NA,NA,"ACRES","GROWN","TOTAL","TOTAL",46813,21.9
2022,"STATE","CALIFORNIA","06",NA,NA,"ACRES","NON-BEARING","AREA GROWN","(0.1 TO 0.9 ACRES)",NA,NA
2022,"STATE","CALIFORNIA","06",NA,NA,"ACRES","NON-BEARING","AREA GROWN","(1.0 TO 4.9 ACRES)",27,23.5
2022,"STATE","CALIFORNIA","06",NA,NA,"ACRES","NON-BEARING","AREA GROWN","(100 OR MORE ACRES)",438,6.4
2022,"STATE","CALIFORNIA","06",NA,NA,"ACRES","NON-BEARING","AREA GROWN","(15.0 TO 24.9 ACRES)",NA,NA
2022,"STATE","CALIFORNIA","06",NA,NA,"ACRES","NON-BEARING","AREA GROWN","(25.0 TO 49.9 ACRES)",38,83.7
2022,"STATE","CALIFORNIA","06",NA,NA,"ACRES","NON-BEARING","AREA GROWN","(5.0 TO 14.9 ACRES)",40,52.1
2022,"STATE","CALIFORNIA","06",NA,NA,"ACRES","NON-BEARING","AREA GROWN","(50.0 TO 99.9 ACRES)",169,NA
2022,"STATE","CALIFORNIA","06",NA,NA,"ACRES","NON-BEARING","TOTAL","TOTAL",720,50.2
2022,"STATE","CALIFORNIA","06",NA,NA,"OPERATIONS","AREA BEARING","AREA GROWN","(0.1 TO 0.9 ACRES)",189,39.6
2022,"STATE","CALIFORNIA","06",NA,NA,"OPERATIONS","AREA BEARING","AREA GROWN","(1.0 TO 4.9 ACRES)",74,98.6
2022,"STATE","CALIFORNIA","06",NA,NA,"OPERATIONS","AREA BEARING","AREA GROWN","(100 OR MORE ACRES)",114,34.3
2022,"STATE","CALIFORNIA","06",NA,NA,"OPERATIONS","AREA BEARING","AREA GROWN","(15.0 TO 24.9 ACRES)",36,43.5
2022,"STATE","CALIFORNIA","06",NA,NA,"OPERATIONS","AREA BEARING","AREA GROWN","(25.0 TO 49.9 ACRES)",47,27.1
2022,"STATE","CALIFORNIA","06",NA,NA,"OPERATIONS","AREA BEARING","AREA GROWN","(5.0 TO 14.9 ACRES)",52,29.4
2022,"STATE","CALIFORNIA","06",NA,NA,"OPERATIONS","AREA BEARING","AREA GROWN","(50.0 TO 99.9 ACRES)",114,63.8
2022,"STATE","CALIFORNIA","06",NA,NA,"OPERATIONS","AREA BEARING","TOTAL","TOTAL",626,26.9
2022,"STATE","CALIFORNIA","06",NA,NA,"OPERATIONS","AREA GROWN","AREA GROWN","(0.1 TO 0.9 ACRES)",212,42.6
2022,"STATE","CALIFORNIA","06",NA,NA,"OPERATIONS","AREA GROWN","AREA GROWN","(1.0 TO 4.9 ACRES)",76,93.5
2022,"STATE","CALIFORNIA","06",NA,NA,"OPERATIONS","AREA GROWN","AREA GROWN","(100 OR MORE ACRES)",114,34.3
2022,"STATE","CALIFORNIA","06",NA,NA,"OPERATIONS","AREA GROWN","AREA GROWN","(15.0 TO 24.9 ACRES)",36,43.5
2022,"STATE","CALIFORNIA","06",NA,NA,"OPERATIONS","AREA GROWN","AREA GROWN","(25.0 TO 49.9 ACRES)",47,27.1
2022,"STATE","CALIFORNIA","06",NA,NA,"OPERATIONS","AREA GROWN","AREA GROWN","(5.0 TO 14.9 ACRES)",52,29.4
2022,"STATE","CALIFORNIA","06",NA,NA,"OPERATIONS","AREA GROWN","AREA GROWN","(50.0 TO 99.9 ACRES)",114,63.8
2022,"STATE","CALIFORNIA","06",NA,NA,"OPERATIONS","AREA GROWN","TOTAL","TOTAL",651,27.8
2022,"STATE","CALIFORNIA","06",NA,NA,"OPERATIONS","AREA NON-BEARING","AREA GROWN","(0.1 TO 0.9 ACRES)",32,92
2022,"STATE","CALIFORNIA","06",NA,NA,"OPERATIONS","AREA NON-BEARING","AREA GROWN","(1.0 TO 4.9 ACRES)",22,39.5
2022,"STATE","CALIFORNIA","06",NA,NA,"OPERATIONS","AREA NON-BEARING","AREA GROWN","(100 OR MORE ACRES)",10,47.4
2022,"STATE","CALIFORNIA","06",NA,NA,"OPERATIONS","AREA NON-BEARING","AREA GROWN","(15.0 TO 24.9 ACRES)",1,NA
2022,"STATE","CALIFORNIA","06",NA,NA,"OPERATIONS","AREA NON-BEARING","AREA GROWN","(25.0 TO 49.9 ACRES)",3,83.7
2022,"STATE","CALIFORNIA","06",NA,NA,"OPERATIONS","AREA NON-BEARING","AREA GROWN","(5.0 TO 14.9 ACRES)",9,68.3
2022,"STATE","CALIFORNIA","06",NA,NA,"OPERATIONS","AREA NON-BEARING","AREA GROWN","(50.0 TO 99.9 ACRES)",8,77.8
2022,"STATE","CALIFORNIA","06",NA,NA,"OPERATIONS","AREA NON-BEARING","TOTAL","TOTAL",85,58.8
2022,"STATE","COLORADO","08",NA,NA,"ACRES","BEARING","TOTAL","TOTAL",10,73.5
2022,"STATE","COLORADO","08",NA,NA,"ACRES","GROWN","TOTAL","TOTAL",30,47
2022,"STATE","COLORADO","08",NA,NA,"ACRES","NON-BEARING","TOTAL","TOTAL",20,59.7
2022,"STATE","COLORADO","08",NA,NA,"OPERATIONS","AREA BEARING","TOTAL","TOTAL",39,18.2
2022,"STATE","COLORADO","08",NA,NA,"OPERATIONS","AREA GROWN","TOTAL","TOTAL",64,18.8
2022,"STATE","COLORADO","08",NA,NA,"OPERATIONS","AREA NON-BEARING","TOTAL","TOTAL",27,26.5
2022,"STATE","CONNECTICUT","09",NA,NA,"ACRES","BEARING","TOTAL","TOTAL",119,22.7
2022,"STATE","CONNECTICUT","09",NA,NA,"ACRES","GROWN","TOTAL","TOTAL",156,18.6
2022,"STATE","CONNECTICUT","09",NA,NA,"ACRES","NON-BEARING","TOTAL","TOTAL",37,8.6
2022,"STATE","CONNECTICUT","09",NA,NA,"OPERATIONS","AREA BEARING","TOTAL","TOTAL",97,17.2
2022,"STATE","CONNECTICUT","09",NA,NA,"OPERATIONS","AREA GROWN","TOTAL","TOTAL",128,15.9
2022,"STATE","CONNECTICUT","09",NA,NA,"OPERATIONS","AREA NON-BEARING","TOTAL","TOTAL",44,19.4
2022,"STATE","DELAWARE","10",NA,NA,"ACRES","BEARING","TOTAL","TOTAL",NA,NA
2022,"STATE","DELAWARE","10",NA,NA,"ACRES","GROWN","TOTAL","TOTAL",27,5.3
2022,"STATE","DELAWARE","10",NA,NA,"ACRES","NON-BEARING","TOTAL","TOTAL",NA,NA
2022,"STATE","DELAWARE","10",NA,NA,"OPERATIONS","AREA BEARING","TOTAL","TOTAL",14,46
2022,"STATE","DELAWARE","10",NA,NA,"OPERATIONS","AREA GROWN","TOTAL","TOTAL",16,40.2
2022,"STATE","DELAWARE","10",NA,NA,"OPERATIONS","AREA NON-BEARING","TOTAL","TOTAL",5,37.9
2022,"STATE","FLORIDA","12",NA,NA,"ACRES","BEARING","AREA GROWN","(0.1 TO 0.9 ACRES)",8,76.1
2022,"STATE","FLORIDA","12",NA,NA,"ACRES","BEARING","AREA GROWN","(1.0 TO 4.9 ACRES)",NA,NA
2022,"STATE","FLORIDA","12",NA,NA,"ACRES","BEARING","AREA GROWN","(100 OR MORE ACRES)",NA,NA
2022,"STATE","FLORIDA","12",NA,NA,"ACRES","BEARING","AREA GROWN","(15.0 TO 24.9 ACRES)",NA,NA
2022,"STATE","FLORIDA","12",NA,NA,"ACRES","BEARING","AREA GROWN","(25.0 TO 49.9 ACRES)",1414,27.7
2022,"STATE","FLORIDA","12",NA,NA,"ACRES","BEARING","AREA GROWN","(5.0 TO 14.9 ACRES)",131,22.2
2022,"STATE","FLORIDA","12",NA,NA,"ACRES","BEARING","AREA GROWN","(50.0 TO 99.9 ACRES)",1401,33.5
2022,"STATE","FLORIDA","12",NA,NA,"ACRES","BEARING","TOTAL","TOTAL",13413,5.9
2022,"STATE","FLORIDA","12",NA,NA,"ACRES","GROWN","AREA GROWN","(0.1 TO 0.9 ACRES)",8,76.1
2022,"STATE","FLORIDA","12",NA,NA,"ACRES","GROWN","AREA GROWN","(1.0 TO 4.9 ACRES)",180,20.1
2022,"STATE","FLORIDA","12",NA,NA,"ACRES","GROWN","AREA GROWN","(100 OR MORE ACRES)",9938,NA
2022,"STATE","FLORIDA","12",NA,NA,"ACRES","GROWN","AREA GROWN","(15.0 TO 24.9 ACRES)",469,59.9
2022,"STATE","FLORIDA","12",NA,NA,"ACRES","GROWN","AREA GROWN","(25.0 TO 49.9 ACRES)",1459,25
2022,"STATE","FLORIDA","12",NA,NA,"ACRES","GROWN","AREA GROWN","(5.0 TO 14.9 ACRES)",131,22.2
2022,"STATE","FLORIDA","12",NA,NA,"ACRES","GROWN","AREA GROWN","(50.0 TO 99.9 ACRES)",1478,32.4
2022,"STATE","FLORIDA","12",NA,NA,"ACRES","GROWN","TOTAL","TOTAL",13663,5.5
2022,"STATE","FLORIDA","12",NA,NA,"ACRES","NON-BEARING","AREA GROWN","(1.0 TO 4.9 ACRES)",NA,NA
2022,"STATE","FLORIDA","12",NA,NA,"ACRES","NON-BEARING","AREA GROWN","(100 OR MORE ACRES)",NA,NA
2022,"STATE","FLORIDA","12",NA,NA,"ACRES","NON-BEARING","AREA GROWN","(15.0 TO 24.9 ACRES)",NA,NA
2022,"STATE","FLORIDA","12",NA,NA,"ACRES","NON-BEARING","AREA GROWN","(25.0 TO 49.9 ACRES)",45,NA
2022,"STATE","FLORIDA","12",NA,NA,"ACRES","NON-BEARING","AREA GROWN","(50.0 TO 99.9 ACRES)",76,13.4
2022,"STATE","FLORIDA","12",NA,NA,"ACRES","NON-BEARING","TOTAL","TOTAL",249,23.3
2022,"STATE","FLORIDA","12",NA,NA,"OPERATIONS","AREA BEARING","AREA GROWN","(0.1 TO 0.9 ACRES)",54,33.2
2022,"STATE","FLORIDA","12",NA,NA,"OPERATIONS","AREA BEARING","AREA GROWN","(1.0 TO 4.9 ACRES)",82,21.1
2022,"STATE","FLORIDA","12",NA,NA,"OPERATIONS","AREA BEARING","AREA GROWN","(100 OR MORE ACRES)",38,NA
2022,"STATE","FLORIDA","12",NA,NA,"OPERATIONS","AREA BEARING","AREA GROWN","(15.0 TO 24.9 ACRES)",22,59
2022,"STATE","FLORIDA","12",NA,NA,"OPERATIONS","AREA BEARING","AREA GROWN","(25.0 TO 49.9 ACRES)",43,22.5
2022,"STATE","FLORIDA","12",NA,NA,"OPERATIONS","AREA BEARING","AREA GROWN","(5.0 TO 14.9 ACRES)",19,18.7
2022,"STATE","FLORIDA","12",NA,NA,"OPERATIONS","AREA BEARING","AREA GROWN","(50.0 TO 99.9 ACRES)",22,41.1
2022,"STATE","FLORIDA","12",NA,NA,"OPERATIONS","AREA BEARING","TOTAL","TOTAL",280,12.6
2022,"STATE","FLORIDA","12",NA,NA,"OPERATIONS","AREA GROWN","AREA GROWN","(0.1 TO 0.9 ACRES)",54,33.2
2022,"STATE","FLORIDA","12",NA,NA,"OPERATIONS","AREA GROWN","AREA GROWN","(1.0 TO 4.9 ACRES)",82,21.1
2022,"STATE","FLORIDA","12",NA,NA,"OPERATIONS","AREA GROWN","AREA GROWN","(100 OR MORE ACRES)",38,NA
2022,"STATE","FLORIDA","12",NA,NA,"OPERATIONS","AREA GROWN","AREA GROWN","(15.0 TO 24.9 ACRES)",22,59
2022,"STATE","FLORIDA","12",NA,NA,"OPERATIONS","AREA GROWN","AREA GROWN","(25.0 TO 49.9 ACRES)",43,22.5
2022,"STATE","FLORIDA","12",NA,NA,"OPERATIONS","AREA GROWN","AREA GROWN","(5.0 TO 14.9 ACRES)",19,18.7
2022,"STATE","FLORIDA","12",NA,NA,"OPERATIONS","AREA GROWN","AREA GROWN","(50.0 TO 99.9 ACRES)",22,41.1
2022,"STATE","FLORIDA","12",NA,NA,"OPERATIONS","AREA GROWN","TOTAL","TOTAL",280,12.6
2022,"STATE","FLORIDA","12",NA,NA,"OPERATIONS","AREA NON-BEARING","AREA GROWN","(1.0 TO 4.9 ACRES)",2,82.2
2022,"STATE","FLORIDA","12",NA,NA,"OPERATIONS","AREA NON-BEARING","AREA GROWN","(100 OR MORE ACRES)",4,NA
2022,"STATE","FLORIDA","12",NA,NA,"OPERATIONS","AREA NON-BEARING","AREA GROWN","(15.0 TO 24.9 ACRES)",3,NA
2022,"STATE","FLORIDA","12",NA,NA,"OPERATIONS","AREA NON-BEARING","AREA GROWN","(25.0 TO 49.9 ACRES)",3,NA
2022,"STATE","FLORIDA","12",NA,NA,"OPERATIONS","AREA NON-BEARING","AREA GROWN","(50.0 TO 99.9 ACRES)",5,68.4
2022,"STATE","FLORIDA","12",NA,NA,"OPERATIONS","AREA NON-BEARING","TOTAL","TOTAL",17,31.6
2022,"STATE","GEORGIA","13",NA,NA,"ACRES","BEARING","TOTAL","TOTAL",249,13
2022,"STATE","GEORGIA","13",NA,NA,"ACRES","GROWN","TOTAL","TOTAL",269,12.7
2022,"STATE","GEORGIA","13",NA,NA,"ACRES","NON-BEARING","TOTAL","TOTAL",21,31
2022,"STATE","GEORGIA","13",NA,NA,"OPERATIONS","AREA BEARING","TOTAL","TOTAL",121,16
2022,"STATE","GEORGIA","13",NA,NA,"OPERATIONS","AREA GROWN","TOTAL","TOTAL",150,18.6
2022,"STATE","GEORGIA","13",NA,NA,"OPERATIONS","AREA NON-BEARING","TOTAL","TOTAL",41,31
2022,"STATE","HAWAII","15",NA,NA,"ACRES","BEARING","TOTAL","TOTAL",NA,NA
2022,"STATE","HAWAII","15",NA,NA,"ACRES","GROWN","TOTAL","TOTAL",10,2.9
2022,"STATE","HAWAII","15",NA,NA,"ACRES","NON-BEARING","TOTAL","TOTAL",NA,NA
2022,"STATE","HAWAII","15",NA,NA,"OPERATIONS","AREA BEARING","TOTAL","TOTAL",8,29
2022,"STATE","HAWAII","15",NA,NA,"OPERATIONS","AREA GROWN","TOTAL","TOTAL",11,27.3
2022,"STATE","HAWAII","15",NA,NA,"OPERATIONS","AREA NON-BEARING","TOTAL","TOTAL",4,33.5
2022,"STATE","IDAHO","16",NA,NA,"ACRES","BEARING","TOTAL","TOTAL",30,22.8
2022,"STATE","IDAHO","16",NA,NA,"ACRES","GROWN","TOTAL","TOTAL",32,22.5
2022,"STATE","IDAHO","16",NA,NA,"ACRES","NON-BEARING","TOTAL","TOTAL",1,29.2
2022,"STATE","IDAHO","16",NA,NA,"OPERATIONS","AREA BEARING","TOTAL","TOTAL",72,15.4
2022,"STATE","IDAHO","16",NA,NA,"OPERATIONS","AREA GROWN","TOTAL","TOTAL",78,14.4
2022,"STATE","IDAHO","16",NA,NA,"OPERATIONS","AREA NON-BEARING","TOTAL","TOTAL",10,34.2
2022,"STATE","ILLINOIS","17",NA,NA,"ACRES","BEARING","TOTAL","TOTAL",175,13.7
2022,"STATE","ILLINOIS","17",NA,NA,"ACRES","GROWN","TOTAL","TOTAL",208,11.7
2022,"STATE","ILLINOIS","17",NA,NA,"ACRES","NON-BEARING","TOTAL","TOTAL",33,5.4
2022,"STATE","ILLINOIS","17",NA,NA,"OPERATIONS","AREA BEARING","TOTAL","TOTAL",154,14.1
2022,"STATE","ILLINOIS","17",NA,NA,"OPERATIONS","AREA GROWN","TOTAL","TOTAL",184,12.7
2022,"STATE","ILLINOIS","17",NA,NA,"OPERATIONS","AREA NON-BEARING","TOTAL","TOTAL",52,15.4
2022,"STATE","INDIANA","18",NA,NA,"ACRES","BEARING","TOTAL","TOTAL",220,7.1
2022,"STATE","INDIANA","18",NA,NA,"ACRES","GROWN","TOTAL","TOTAL",262,7.3
2022,"STATE","INDIANA","18",NA,NA,"ACRES","NON-BEARING","TOTAL","TOTAL",41,10.2
2022,"STATE","INDIANA","18",NA,NA,"OPERATIONS","AREA BEARING","TOTAL","TOTAL",223,12.1
2022,"STATE","INDIANA","18",NA,NA,"OPERATIONS","AREA GROWN","TOTAL","TOTAL",248,10.7
2022,"STATE","INDIANA","18",NA,NA,"OPERATIONS","AREA NON-BEARING","TOTAL","TOTAL",47,17.7
2022,"STATE","IOWA","19",NA,NA,"ACRES","BEARING","TOTAL","TOTAL",144,16.8
2022,"STATE","IOWA","19",NA,NA,"ACRES","GROWN","TOTAL","TOTAL",169,18.2
2022,"STATE","IOWA","19",NA,NA,"ACRES","NON-BEARING","TOTAL","TOTAL",25,33.8
2022,"STATE","IOWA","19",NA,NA,"OPERATIONS","AREA BEARING","TOTAL","TOTAL",126,19.5
2022,"STATE","IOWA","19",NA,NA,"OPERATIONS","AREA GROWN","TOTAL","TOTAL",145,18.8
2022,"STATE","IOWA","19",NA,NA,"OPERATIONS","AREA NON-BEARING","TOTAL","TOTAL",36,24
2022,"STATE","KANSAS","20",NA,NA,"ACRES","BEARING","TOTAL","TOTAL",27,24
2022,"STATE","KANSAS","20",NA,NA,"ACRES","GROWN","TOTAL","TOTAL",32,21.8
2022,"STATE","KANSAS","20",NA,NA,"ACRES","NON-BEARING","TOTAL","TOTAL",5,39.3
2022,"STATE","KANSAS","20",NA,NA,"OPERATIONS","AREA BEARING","TOTAL","TOTAL",42,26.9
2022,"STATE","KANSAS","20",NA,NA,"OPERATIONS","AREA GROWN","TOTAL","TOTAL",49,22.7
2022,"STATE","KANSAS","20",NA,NA,"OPERATIONS","AREA NON-BEARING","TOTAL","TOTAL",9,21.1
2022,"STATE","KENTUCKY","21",NA,NA,"ACRES","BEARING","TOTAL","TOTAL",128,28.1
2022,"STATE","KENTUCKY","21",NA,NA,"ACRES","GROWN","TOTAL","TOTAL",152,28
2022,"STATE","KENTUCKY","21",NA,NA,"ACRES","NON-BEARING","TOTAL","TOTAL",25,32.9
2022,"STATE","KENTUCKY","21",NA,NA,"OPERATIONS","AREA BEARING","TOTAL","TOTAL",218,42.3
2022,"STATE","KENTUCKY","21",NA,NA,"OPERATIONS","AREA GROWN","TOTAL","TOTAL",262,45.4
2022,"STATE","KENTUCKY","21",NA,NA,"OPERATIONS","AREA NON-BEARING","TOTAL","TOTAL",85,42.7
2022,"STATE","LOUISIANA","22",NA,NA,"ACRES","BEARING","TOTAL","TOTAL",182,34.2
2022,"STATE","LOUISIANA","22",NA,NA,"ACRES","GROWN","TOTAL","TOTAL",182,34.2
2022,"STATE","LOUISIANA","22",NA,NA,"ACRES","NON-BEARING","TOTAL","TOTAL",NA,63.2
2022,"STATE","LOUISIANA","22",NA,NA,"OPERATIONS","AREA BEARING","TOTAL","TOTAL",39,33.9
2022,"STATE","LOUISIANA","22",NA,NA,"OPERATIONS","AREA GROWN","TOTAL","TOTAL",39,33.9
2022,"STATE","LOUISIANA","22",NA,NA,"OPERATIONS","AREA NON-BEARING","TOTAL","TOTAL",3,63.2
2022,"STATE","MAINE","23",NA,NA,"ACRES","BEARING","TOTAL","TOTAL",293,35.3
2022,"STATE","MAINE","23",NA,NA,"ACRES","GROWN","TOTAL","TOTAL",371,31.3
2022,"STATE","MAINE","23",NA,NA,"ACRES","NON-BEARING","TOTAL","TOTAL",78,18.9
2022,"STATE","MAINE","23",NA,NA,"OPERATIONS","AREA BEARING","TOTAL","TOTAL",154,11.7
2022,"STATE","MAINE","23",NA,NA,"OPERATIONS","AREA GROWN","TOTAL","TOTAL",193,12.5
2022,"STATE","MAINE","23",NA,NA,"OPERATIONS","AREA NON-BEARING","TOTAL","TOTAL",94,14.2
2022,"STATE","MARYLAND","24",NA,NA,"ACRES","BEARING","TOTAL","TOTAL",135,4.8
2022,"STATE","MARYLAND","24",NA,NA,"ACRES","GROWN","TOTAL","TOTAL",150,4.1
2022,"STATE","MARYLAND","24",NA,NA,"ACRES","NON-BEARING","TOTAL","TOTAL",15,27.3
2022,"STATE","MARYLAND","24",NA,NA,"OPERATIONS","AREA BEARING","TOTAL","TOTAL",129,11.4
2022,"STATE","MARYLAND","24",NA,NA,"OPERATIONS","AREA GROWN","TOTAL","TOTAL",142,11.3
2022,"STATE","MARYLAND","24",NA,NA,"OPERATIONS","AREA NON-BEARING","TOTAL","TOTAL",26,19.6
2022,"STATE","MASSACHUSETTS","25",NA,NA,"ACRES","BEARING","TOTAL","TOTAL",258,11.3
2022,"STATE","MASSACHUSETTS","25",NA,NA,"ACRES","GROWN","TOTAL","TOTAL",303,13.5
2022,"STATE","MASSACHUSETTS","25",NA,NA,"ACRES","NON-BEARING","TOTAL","TOTAL",45,29.6
2022,"STATE","MASSACHUSETTS","25",NA,NA,"OPERATIONS","AREA BEARING","TOTAL","TOTAL",233,12.6
2022,"STATE","MASSACHUSETTS","25",NA,NA,"OPERATIONS","AREA GROWN","TOTAL","TOTAL",249,9.6
2022,"STATE","MASSACHUSETTS","25",NA,NA,"OPERATIONS","AREA NON-BEARING","TOTAL","TOTAL",70,20
2022,"STATE","MICHIGAN","26",NA,NA,"ACRES","BEARING","AREA GROWN","(0.1 TO 0.9 ACRES)",NA,NA
2022,"STATE","MICHIGAN","26",NA,NA,"ACRES","BEARING","AREA GROWN","(1.0 TO 4.9 ACRES)",164,10.4
2022,"STATE","MICHIGAN","26",NA,NA,"ACRES","BEARING","AREA GROWN","(15.0 TO 24.9 ACRES)",NA,NA
2022,"STATE","MICHIGAN","26",NA,NA,"ACRES","BEARING","AREA GROWN","(25.0 TO 49.9 ACRES)",88,67.2
2022,"STATE","MICHIGAN","26",NA,NA,"ACRES","BEARING","AREA GROWN","(5.0 TO 14.9 ACRES)",324,12.5
2022,"STATE","MICHIGAN","26",NA,NA,"ACRES","BEARING","TOTAL","TOTAL",714,28
2022,"STATE","MICHIGAN","26",NA,NA,"ACRES","GROWN","AREA GROWN","(0.1 TO 0.9 ACRES)",59,10.1
2022,"STATE","MICHIGAN","26",NA,NA,"ACRES","GROWN","AREA GROWN","(1.0 TO 4.9 ACRES)",195,8.7
2022,"STATE","MICHIGAN","26",NA,NA,"ACRES","GROWN","AREA GROWN","(15.0 TO 24.9 ACRES)",92,NA
2022,"STATE","MICHIGAN","26",NA,NA,"ACRES","GROWN","AREA GROWN","(25.0 TO 49.9 ACRES)",115,61.9
2022,"STATE","MICHIGAN","26",NA,NA,"ACRES","GROWN","AREA GROWN","(5.0 TO 14.9 ACRES)",415,11.6
2022,"STATE","MICHIGAN","26",NA,NA,"ACRES","GROWN","TOTAL","TOTAL",875,25.3
2022,"STATE","MICHIGAN","26",NA,NA,"ACRES","NON-BEARING","AREA GROWN","(0.1 TO 0.9 ACRES)",NA,NA
2022,"STATE","MICHIGAN","26",NA,NA,"ACRES","NON-BEARING","AREA GROWN","(1.0 TO 4.9 ACRES)",31,19.3
2022,"STATE","MICHIGAN","26",NA,NA,"ACRES","NON-BEARING","AREA GROWN","(15.0 TO 24.9 ACRES)",NA,NA
2022,"STATE","MICHIGAN","26",NA,NA,"ACRES","NON-BEARING","AREA GROWN","(25.0 TO 49.9 ACRES)",27,44.4
2022,"STATE","MICHIGAN","26",NA,NA,"ACRES","NON-BEARING","AREA GROWN","(5.0 TO 14.9 ACRES)",91,11.8
2022,"STATE","MICHIGAN","26",NA,NA,"ACRES","NON-BEARING","TOTAL","TOTAL",162,15.7
2022,"STATE","MICHIGAN","26",NA,NA,"OPERATIONS","AREA BEARING","AREA GROWN","(0.1 TO 0.9 ACRES)",266,12
2022,"STATE","MICHIGAN","26",NA,NA,"OPERATIONS","AREA BEARING","AREA GROWN","(1.0 TO 4.9 ACRES)",93,18.8
2022,"STATE","MICHIGAN","26",NA,NA,"OPERATIONS","AREA BEARING","AREA GROWN","(15.0 TO 24.9 ACRES)",5,NA
2022,"STATE","MICHIGAN","26",NA,NA,"OPERATIONS","AREA BEARING","AREA GROWN","(25.0 TO 49.9 ACRES)",4,71.2
2022,"STATE","MICHIGAN","26",NA,NA,"OPERATIONS","AREA BEARING","AREA GROWN","(5.0 TO 14.9 ACRES)",52,11.7
2022,"STATE","MICHIGAN","26",NA,NA,"OPERATIONS","AREA BEARING","TOTAL","TOTAL",420,13
2022,"STATE","MICHIGAN","26",NA,NA,"OPERATIONS","AREA GROWN","AREA GROWN","(0.1 TO 0.9 ACRES)",305,11.2
2022,"STATE","MICHIGAN","26",NA,NA,"OPERATIONS","AREA GROWN","AREA GROWN","(1.0 TO 4.9 ACRES)",96,17
2022,"STATE","MICHIGAN","26",NA,NA,"OPERATIONS","AREA GROWN","AREA GROWN","(15.0 TO 24.9 ACRES)",5,NA
2022,"STATE","MICHIGAN","26",NA,NA,"OPERATIONS","AREA GROWN","AREA GROWN","(25.0 TO 49.9 ACRES)",4,71.2
2022,"STATE","MICHIGAN","26",NA,NA,"OPERATIONS","AREA GROWN","AREA GROWN","(5.0 TO 14.9 ACRES)",52,11.7
2022,"STATE","MICHIGAN","26",NA,NA,"OPERATIONS","AREA GROWN","TOTAL","TOTAL",462,12.2
2022,"STATE","MICHIGAN","26",NA,NA,"OPERATIONS","AREA NON-BEARING","AREA GROWN","(0.1 TO 0.9 ACRES)",55,37.1
2022,"STATE","MICHIGAN","26",NA,NA,"OPERATIONS","AREA NON-BEARING","AREA GROWN","(1.0 TO 4.9 ACRES)",43,11.5
2022,"STATE","MICHIGAN","26",NA,NA,"OPERATIONS","AREA NON-BEARING","AREA GROWN","(15.0 TO 24.9 ACRES)",1,NA
2022,"STATE","MICHIGAN","26",NA,NA,"OPERATIONS","AREA NON-BEARING","AREA GROWN","(25.0 TO 49.9 ACRES)",4,71.2
2022,"STATE","MICHIGAN","26",NA,NA,"OPERATIONS","AREA NON-BEARING","AREA GROWN","(5.0 TO 14.9 ACRES)",33,10.8
2022,"STATE","MICHIGAN","26",NA,NA,"OPERATIONS","AREA NON-BEARING","TOTAL","TOTAL",136,20.3
2022,"STATE","MINNESOTA","27",NA,NA,"ACRES","BEARING","TOTAL","TOTAL",308,13.7
2022,"STATE","MINNESOTA","27",NA,NA,"ACRES","GROWN","TOTAL","TOTAL",401,14.8
2022,"STATE","MINNESOTA","27",NA,NA,"ACRES","NON-BEARING","TOTAL","TOTAL",93,30.2
2022,"STATE","MINNESOTA","27",NA,NA,"OPERATIONS","AREA BEARING","TOTAL","TOTAL",184,14.2
2022,"STATE","MINNESOTA","27",NA,NA,"OPERATIONS","AREA GROWN","TOTAL","TOTAL",218,13.2
2022,"STATE","MINNESOTA","27",NA,NA,"OPERATIONS","AREA NON-BEARING","TOTAL","TOTAL",85,11
2022,"STATE","MISSISSIPPI","28",NA,NA,"ACRES","BEARING","TOTAL","TOTAL",NA,NA
2022,"STATE","MISSISSIPPI","28",NA,NA,"ACRES","GROWN","TOTAL","TOTAL",46,24.4
2022,"STATE","MISSISSIPPI","28",NA,NA,"ACRES","NON-BEARING","TOTAL","TOTAL",NA,NA
2022,"STATE","MISSISSIPPI","28",NA,NA,"OPERATIONS","AREA BEARING","TOTAL","TOTAL",24,89.2
2022,"STATE","MISSISSIPPI","28",NA,NA,"OPERATIONS","AREA GROWN","TOTAL","TOTAL",31,65.3
2022,"STATE","MISSISSIPPI","28",NA,NA,"OPERATIONS","AREA NON-BEARING","TOTAL","TOTAL",8,74.1
2022,"STATE","MISSOURI","29",NA,NA,"ACRES","BEARING","TOTAL","TOTAL",76,18.8
2022,"STATE","MISSOURI","29",NA,NA,"ACRES","GROWN","TOTAL","TOTAL",85,17.2
2022,"STATE","MISSOURI","29",NA,NA,"ACRES","NON-BEARING","TOTAL","TOTAL",10,10.8
2022,"STATE","MISSOURI","29",NA,NA,"OPERATIONS","AREA BEARING","TOTAL","TOTAL",189,8
2022,"STATE","MISSOURI","29",NA,NA,"OPERATIONS","AREA GROWN","TOTAL","TOTAL",218,8.7
2022,"STATE","MISSOURI","29",NA,NA,"OPERATIONS","AREA NON-BEARING","TOTAL","TOTAL",51,10
2022,"STATE","MONTANA","30",NA,NA,"ACRES","BEARING","TOTAL","TOTAL",8,49.6
2022,"STATE","MONTANA","30",NA,NA,"ACRES","GROWN","TOTAL","TOTAL",9,43
2022,"STATE","MONTANA","30",NA,NA,"ACRES","NON-BEARING","TOTAL","TOTAL",1,26.8
2022,"STATE","MONTANA","30",NA,NA,"OPERATIONS","AREA BEARING","TOTAL","TOTAL",35,21.3
2022,"STATE","MONTANA","30",NA,NA,"OPERATIONS","AREA GROWN","TOTAL","TOTAL",38,19
2022,"STATE","MONTANA","30",NA,NA,"OPERATIONS","AREA NON-BEARING","TOTAL","TOTAL",7,38.3
2022,"STATE","NEBRASKA","31",NA,NA,"ACRES","BEARING","TOTAL","TOTAL",NA,NA
2022,"STATE","NEBRASKA","31",NA,NA,"ACRES","GROWN","TOTAL","TOTAL",18,25.7
2022,"STATE","NEBRASKA","31",NA,NA,"ACRES","NON-BEARING","TOTAL","TOTAL",NA,NA
2022,"STATE","NEBRASKA","31",NA,NA,"OPERATIONS","AREA BEARING","TOTAL","TOTAL",48,47.4
2022,"STATE","NEBRASKA","31",NA,NA,"OPERATIONS","AREA GROWN","TOTAL","TOTAL",48,47.4
2022,"STATE","NEBRASKA","31",NA,NA,"OPERATIONS","AREA NON-BEARING","TOTAL","TOTAL",5,78.2
2022,"STATE","NEVADA","32",NA,NA,"ACRES","BEARING","TOTAL","TOTAL",1,16.3
2022,"STATE","NEVADA","32",NA,NA,"ACRES","GROWN","TOTAL","TOTAL",1,16.3
2022,"STATE","NEVADA","32",NA,NA,"OPERATIONS","AREA BEARING","TOTAL","TOTAL",9,23.6
2022,"STATE","NEVADA","32",NA,NA,"OPERATIONS","AREA GROWN","TOTAL","TOTAL",9,23.6
2022,"STATE","NEW HAMPSHIRE","33",NA,NA,"ACRES","BEARING","TOTAL","TOTAL",112,25.1
2022,"STATE","NEW HAMPSHIRE","33",NA,NA,"ACRES","GROWN","TOTAL","TOTAL",134,24.7
2022,"STATE","NEW HAMPSHIRE","33",NA,NA,"ACRES","NON-BEARING","TOTAL","TOTAL",22,24.6
2022,"STATE","NEW HAMPSHIRE","33",NA,NA,"OPERATIONS","AREA BEARING","TOTAL","TOTAL",81,26.5
2022,"STATE","NEW HAMPSHIRE","33",NA,NA,"OPERATIONS","AREA GROWN","TOTAL","TOTAL",102,23.4
2022,"STATE","NEW HAMPSHIRE","33",NA,NA,"OPERATIONS","AREA NON-BEARING","TOTAL","TOTAL",36,21.7
2022,"STATE","NEW JERSEY","34",NA,NA,"ACRES","BEARING","TOTAL","TOTAL",233,7.2
2022,"STATE","NEW JERSEY","34",NA,NA,"ACRES","GROWN","TOTAL","TOTAL",257,7.2
2022,"STATE","NEW JERSEY","34",NA,NA,"ACRES","NON-BEARING","TOTAL","TOTAL",24,35.7
2022,"STATE","NEW JERSEY","34",NA,NA,"OPERATIONS","AREA BEARING","TOTAL","TOTAL",137,6.3
2022,"STATE","NEW JERSEY","34",NA,NA,"OPERATIONS","AREA GROWN","TOTAL","TOTAL",146,6.8
2022,"STATE","NEW JERSEY","34",NA,NA,"OPERATIONS","AREA NON-BEARING","TOTAL","TOTAL",33,12.5
2022,"STATE","NEW MEXICO","35",NA,NA,"ACRES","BEARING","TOTAL","TOTAL",2,38.1
2022,"STATE","NEW MEXICO","35",NA,NA,"ACRES","GROWN","TOTAL","TOTAL",7,19.4
2022,"STATE","NEW MEXICO","35",NA,NA,"ACRES","NON-BEARING","TOTAL","TOTAL",5,19.3
2022,"STATE","NEW MEXICO","35",NA,NA,"OPERATIONS","AREA BEARING","TOTAL","TOTAL",18,47.7
2022,"STATE","NEW MEXICO","35",NA,NA,"OPERATIONS","AREA GROWN","TOTAL","TOTAL",32,32.9
2022,"STATE","NEW MEXICO","35",NA,NA,"OPERATIONS","AREA NON-BEARING","TOTAL","TOTAL",14,40.1
2022,"STATE","NEW YORK","36",NA,NA,"ACRES","BEARING","AREA GROWN","(0.1 TO 0.9 ACRES)",NA,NA
2022,"STATE","NEW YORK","36",NA,NA,"ACRES","BEARING","AREA GROWN","(1.0 TO 4.9 ACRES)",267,8
2022,"STATE","NEW YORK","36",NA,NA,"ACRES","BEARING","AREA GROWN","(15.0 TO 24.9 ACRES)",140,59.5
2022,"STATE","NEW YORK","36",NA,NA,"ACRES","BEARING","AREA GROWN","(25.0 TO 49.9 ACRES)",NA,NA
2022,"STATE","NEW YORK","36",NA,NA,"ACRES","BEARING","AREA GROWN","(5.0 TO 14.9 ACRES)",263,10.7
2022,"STATE","NEW YORK","36",NA,NA,"ACRES","BEARING","TOTAL","TOTAL",751,14.3
2022,"STATE","NEW YORK","36",NA,NA,"ACRES","GROWN","AREA GROWN","(0.1 TO 0.9 ACRES)",NA,NA
2022,"STATE","NEW YORK","36",NA,NA,"ACRES","GROWN","AREA GROWN","(1.0 TO 4.9 ACRES)",306,8.6
2022,"STATE","NEW YORK","36",NA,NA,"ACRES","GROWN","AREA GROWN","(15.0 TO 24.9 ACRES)",182,50.2
2022,"STATE","NEW YORK","36",NA,NA,"ACRES","GROWN","AREA GROWN","(25.0 TO 49.9 ACRES)",NA,NA
2022,"STATE","NEW YORK","36",NA,NA,"ACRES","GROWN","AREA GROWN","(5.0 TO 14.9 ACRES)",328,11.1
2022,"STATE","NEW YORK","36",NA,NA,"ACRES","GROWN","TOTAL","TOTAL",913,14.4
2022,"STATE","NEW YORK","36",NA,NA,"ACRES","NON-BEARING","AREA GROWN","(0.1 TO 0.9 ACRES)",15,14.4
2022,"STATE","NEW YORK","36",NA,NA,"ACRES","NON-BEARING","AREA GROWN","(1.0 TO 4.9 ACRES)",40,16.3
2022,"STATE","NEW YORK","36",NA,NA,"ACRES","NON-BEARING","AREA GROWN","(15.0 TO 24.9 ACRES)",42,31.2
2022,"STATE","NEW YORK","36",NA,NA,"ACRES","NON-BEARING","AREA GROWN","(5.0 TO 14.9 ACRES)",66,22.7
2022,"STATE","NEW YORK","36",NA,NA,"ACRES","NON-BEARING","TOTAL","TOTAL",162,16.9
2022,"STATE","NEW YORK","36",NA,NA,"OPERATIONS","AREA BEARING","AREA GROWN","(0.1 TO 0.9 ACRES)",241,6
2022,"STATE","NEW YORK","36",NA,NA,"OPERATIONS","AREA BEARING","AREA GROWN","(1.0 TO 4.9 ACRES)",146,7.1
2022,"STATE","NEW YORK","36",NA,NA,"OPERATIONS","AREA BEARING","AREA GROWN","(15.0 TO 24.9 ACRES)",10,51.1
2022,"STATE","NEW YORK","36",NA,NA,"OPERATIONS","AREA BEARING","AREA GROWN","(25.0 TO 49.9 ACRES)",1,NA
2022,"STATE","NEW YORK","36",NA,NA,"OPERATIONS","AREA BEARING","AREA GROWN","(5.0 TO 14.9 ACRES)",41,14.1
2022,"STATE","NEW YORK","36",NA,NA,"OPERATIONS","AREA BEARING","TOTAL","TOTAL",439,6.4
2022,"STATE","NEW YORK","36",NA,NA,"OPERATIONS","AREA GROWN","AREA GROWN","(0.1 TO 0.9 ACRES)",277,7.2
2022,"STATE","NEW YORK","36",NA,NA,"OPERATIONS","AREA GROWN","AREA GROWN","(1.0 TO 4.9 ACRES)",146,7.1
2022,"STATE","NEW YORK","36",NA,NA,"OPERATIONS","AREA GROWN","AREA GROWN","(15.0 TO 24.9 ACRES)",10,51.1
2022,"STATE","NEW YORK","36",NA,NA,"OPERATIONS","AREA GROWN","AREA GROWN","(25.0 TO 49.9 ACRES)",1,NA
2022,"STATE","NEW YORK","36",NA,NA,"OPERATIONS","AREA GROWN","AREA GROWN","(5.0 TO 14.9 ACRES)",41,14.1
2022,"STATE","NEW YORK","36",NA,NA,"OPERATIONS","AREA GROWN","TOTAL","TOTAL",475,5.8
2022,"STATE","NEW YORK","36",NA,NA,"OPERATIONS","AREA NON-BEARING","AREA GROWN","(0.1 TO 0.9 ACRES)",74,11.7
2022,"STATE","NEW YORK","36",NA,NA,"OPERATIONS","AREA NON-BEARING","AREA GROWN","(1.0 TO 4.9 ACRES)",54,11
2022,"STATE","NEW YORK","36",NA,NA,"OPERATIONS","AREA NON-BEARING","AREA GROWN","(15.0 TO 24.9 ACRES)",6,27.4
2022,"STATE","NEW YORK","36",NA,NA,"OPERATIONS","AREA NON-BEARING","AREA GROWN","(5.0 TO 14.9 ACRES)",27,18.9
2022,"STATE","NEW YORK","36",NA,NA,"OPERATIONS","AREA NON-BEARING","TOTAL","TOTAL",161,6.1
2022,"STATE","NORTH CAROLINA","37",NA,NA,"ACRES","BEARING","AREA GROWN","(0.1 TO 0.9 ACRES)",39,56.5
2022,"STATE","NORTH CAROLINA","37",NA,NA,"ACRES","BEARING","AREA GROWN","(1.0 TO 4.9 ACRES)",221,26.7
2022,"STATE","NORTH CAROLINA","37",NA,NA,"ACRES","BEARING","AREA GROWN","(100 OR MORE ACRES)",NA,NA
2022,"STATE","NORTH CAROLINA","37",NA,NA,"ACRES","BEARING","AREA GROWN","(15.0 TO 24.9 ACRES)",NA,NA
2022,"STATE","NORTH CAROLINA","37",NA,NA,"ACRES","BEARING","AREA GROWN","(25.0 TO 49.9 ACRES)",NA,NA
2022,"STATE","NORTH CAROLINA","37",NA,NA,"ACRES","BEARING","AREA GROWN","(5.0 TO 14.9 ACRES)",161,32.2
2022,"STATE","NORTH CAROLINA","37",NA,NA,"ACRES","BEARING","AREA GROWN","(50.0 TO 99.9 ACRES)",NA,NA
2022,"STATE","NORTH CAROLINA","37",NA,NA,"ACRES","BEARING","TOTAL","TOTAL",1012,17.4
2022,"STATE","NORTH CAROLINA","37",NA,NA,"ACRES","GROWN","AREA GROWN","(0.1 TO 0.9 ACRES)",NA,NA
2022,"STATE","NORTH CAROLINA","37",NA,NA,"ACRES","GROWN","AREA GROWN","(1.0 TO 4.9 ACRES)",234,25.1
2022,"STATE","NORTH CAROLINA","37",NA,NA,"ACRES","GROWN","AREA GROWN","(100 OR MORE ACRES)",385,NA
2022,"STATE","NORTH CAROLINA","37",NA,NA,"ACRES","GROWN","AREA GROWN","(15.0 TO 24.9 ACRES)",118,NA
2022,"STATE","NORTH CAROLINA","37",NA,NA,"ACRES","GROWN","AREA GROWN","(25.0 TO 49.9 ACRES)",NA,NA
2022,"STATE","NORTH CAROLINA","37",NA,NA,"ACRES","GROWN","AREA GROWN","(5.0 TO 14.9 ACRES)",174,34.4
2022,"STATE","NORTH CAROLINA","37",NA,NA,"ACRES","GROWN","AREA GROWN","(50.0 TO 99.9 ACRES)",NA,NA
2022,"STATE","NORTH CAROLINA","37",NA,NA,"ACRES","GROWN","TOTAL","TOTAL",1073,16.9
2022,"STATE","NORTH CAROLINA","37",NA,NA,"ACRES","NON-BEARING","AREA GROWN","(0.1 TO 0.9 ACRES)",NA,NA
2022,"STATE","NORTH CAROLINA","37",NA,NA,"ACRES","NON-BEARING","AREA GROWN","(1.0 TO 4.9 ACRES)",13,36.6
2022,"STATE","NORTH CAROLINA","37",NA,NA,"ACRES","NON-BEARING","AREA GROWN","(100 OR MORE ACRES)",NA,NA
2022,"STATE","NORTH CAROLINA","37",NA,NA,"ACRES","NON-BEARING","AREA GROWN","(15.0 TO 24.9 ACRES)",NA,NA
2022,"STATE","NORTH CAROLINA","37",NA,NA,"ACRES","NON-BEARING","AREA GROWN","(25.0 TO 49.9 ACRES)",NA,NA
2022,"STATE","NORTH CAROLINA","37",NA,NA,"ACRES","NON-BEARING","AREA GROWN","(5.0 TO 14.9 ACRES)",13,94.7
2022,"STATE","NORTH CAROLINA","37",NA,NA,"ACRES","NON-BEARING","TOTAL","TOTAL",61,18.6
2022,"STATE","NORTH CAROLINA","37",NA,NA,"OPERATIONS","AREA BEARING","AREA GROWN","(0.1 TO 0.9 ACRES)",165,51.5
2022,"STATE","NORTH CAROLINA","37",NA,NA,"OPERATIONS","AREA BEARING","AREA GROWN","(1.0 TO 4.9 ACRES)",116,28
2022,"STATE","NORTH CAROLINA","37",NA,NA,"OPERATIONS","AREA BEARING","AREA GROWN","(100 OR MORE ACRES)",3,NA
2022,"STATE","NORTH CAROLINA","37",NA,NA,"OPERATIONS","AREA BEARING","AREA GROWN","(15.0 TO 24.9 ACRES)",6,NA
2022,"STATE","NORTH CAROLINA","37",NA,NA,"OPERATIONS","AREA BEARING","AREA GROWN","(25.0 TO 49.9 ACRES)",1,NA
2022,"STATE","NORTH CAROLINA","37",NA,NA,"OPERATIONS","AREA BEARING","AREA GROWN","(5.0 TO 14.9 ACRES)",30,33.9
2022,"STATE","NORTH CAROLINA","37",NA,NA,"OPERATIONS","AREA BEARING","AREA GROWN","(50.0 TO 99.9 ACRES)",1,NA
2022,"STATE","NORTH CAROLINA","37",NA,NA,"OPERATIONS","AREA BEARING","TOTAL","TOTAL",322,31.4
2022,"STATE","NORTH CAROLINA","37",NA,NA,"OPERATIONS","AREA GROWN","AREA GROWN","(0.1 TO 0.9 ACRES)",180,52.5
2022,"STATE","NORTH CAROLINA","37",NA,NA,"OPERATIONS","AREA GROWN","AREA GROWN","(1.0 TO 4.9 ACRES)",119,26.9
2022,"STATE","NORTH CAROLINA","37",NA,NA,"OPERATIONS","AREA GROWN","AREA GROWN","(100 OR MORE ACRES)",3,NA
2022,"STATE","NORTH CAROLINA","37",NA,NA,"OPERATIONS","AREA GROWN","AREA GROWN","(15.0 TO 24.9 ACRES)",6,NA
2022,"STATE","NORTH CAROLINA","37",NA,NA,"OPERATIONS","AREA GROWN","AREA GROWN","(25.0 TO 49.9 ACRES)",1,NA
2022,"STATE","NORTH CAROLINA","37",NA,NA,"OPERATIONS","AREA GROWN","AREA GROWN","(5.0 TO 14.9 ACRES)",30,33.9
2022,"STATE","NORTH CAROLINA","37",NA,NA,"OPERATIONS","AREA GROWN","AREA GROWN","(50.0 TO 99.9 ACRES)",1,NA
2022,"STATE","NORTH CAROLINA","37",NA,NA,"OPERATIONS","AREA GROWN","TOTAL","TOTAL",340,32.7
2022,"STATE","NORTH CAROLINA","37",NA,NA,"OPERATIONS","AREA NON-BEARING","AREA GROWN","(0.1 TO 0.9 ACRES)",41,54.3
2022,"STATE","NORTH CAROLINA","37",NA,NA,"OPERATIONS","AREA NON-BEARING","AREA GROWN","(1.0 TO 4.9 ACRES)",11,60.4
2022,"STATE","NORTH CAROLINA","37",NA,NA,"OPERATIONS","AREA NON-BEARING","AREA GROWN","(100 OR MORE ACRES)",1,NA
2022,"STATE","NORTH CAROLINA","37",NA,NA,"OPERATIONS","AREA NON-BEARING","AREA GROWN","(15.0 TO 24.9 ACRES)",1,NA
2022,"STATE","NORTH CAROLINA","37",NA,NA,"OPERATIONS","AREA NON-BEARING","AREA GROWN","(25.0 TO 49.9 ACRES)",1,NA
2022,"STATE","NORTH CAROLINA","37",NA,NA,"OPERATIONS","AREA NON-BEARING","AREA GROWN","(5.0 TO 14.9 ACRES)",5,78.2
2022,"STATE","NORTH CAROLINA","37",NA,NA,"OPERATIONS","AREA NON-BEARING","TOTAL","TOTAL",60,49.2
2022,"STATE","NORTH DAKOTA","38",NA,NA,"ACRES","BEARING","TOTAL","TOTAL",NA,NA
2022,"STATE","NORTH DAKOTA","38",NA,NA,"ACRES","GROWN","TOTAL","TOTAL",1,11.2
2022,"STATE","NORTH DAKOTA","38",NA,NA,"ACRES","NON-BEARING","TOTAL","TOTAL",NA,NA
2022,"STATE","NORTH DAKOTA","38",NA,NA,"OPERATIONS","AREA BEARING","TOTAL","TOTAL",8,16.8
2022,"STATE","NORTH DAKOTA","38",NA,NA,"OPERATIONS","AREA GROWN","TOTAL","TOTAL",9,14.9
2022,"STATE","NORTH DAKOTA","38",NA,NA,"OPERATIONS","AREA NON-BEARING","TOTAL","TOTAL",2,NA
2022,"STATE","OHIO","39",NA,NA,"ACRES","BEARING","TOTAL","TOTAL",445,16.6
2022,"STATE","OHIO","39",NA,NA,"ACRES","GROWN","TOTAL","TOTAL",511,14
2022,"STATE","OHIO","39",NA,NA,"ACRES","NON-BEARING","TOTAL","TOTAL",66,13.9
2022,"STATE","OHIO","39",NA,NA,"OPERATIONS","AREA BEARING","TOTAL","TOTAL",361,5.4
2022,"STATE","OHIO","39",NA,NA,"OPERATIONS","AREA GROWN","TOTAL","TOTAL",393,6.2
2022,"STATE","OHIO","39",NA,NA,"OPERATIONS","AREA NON-BEARING","TOTAL","TOTAL",87,10.5
2022,"STATE","OKLAHOMA","40",NA,NA,"ACRES","BEARING","TOTAL","TOTAL",15,52.1
2022,"STATE","OKLAHOMA","40",NA,NA,"ACRES","GROWN","TOTAL","TOTAL",21,36.2
2022,"STATE","OKLAHOMA","40",NA,NA,"ACRES","NON-BEARING","TOTAL","TOTAL",6,33.4
2022,"STATE","OKLAHOMA","40",NA,NA,"OPERATIONS","AREA BEARING","TOTAL","TOTAL",51,15.2
2022,"STATE","OKLAHOMA","40",NA,NA,"OPERATIONS","AREA GROWN","TOTAL","TOTAL",66,18.1
2022,"STATE","OKLAHOMA","40",NA,NA,"OPERATIONS","AREA NON-BEARING","TOTAL","TOTAL",19,64.1
2022,"STATE","OREGON","41",NA,NA,"ACRES","BEARING","AREA GROWN","(0.1 TO 0.9 ACRES)",NA,NA
2022,"STATE","OREGON","41",NA,NA,"ACRES","BEARING","AREA GROWN","(1.0 TO 4.9 ACRES)",106,23
2022,"STATE","OREGON","41",NA,NA,"ACRES","BEARING","AREA GROWN","(100 OR MORE ACRES)",NA,NA
2022,"STATE","OREGON","41",NA,NA,"ACRES","BEARING","AREA GROWN","(15.0 TO 24.9 ACRES)",115,39.2
2022,"STATE","OREGON","41",NA,NA,"ACRES","BEARING","AREA GROWN","(25.0 TO 49.9 ACRES)",468,26.4
2022,"STATE","OREGON","41",NA,NA,"ACRES","BEARING","AREA GROWN","(5.0 TO 14.9 ACRES)",145,13.9
2022,"STATE","OREGON","41",NA,NA,"ACRES","BEARING","AREA GROWN","(50.0 TO 99.9 ACRES)",NA,NA
2022,"STATE","OREGON","41",NA,NA,"ACRES","BEARING","TOTAL","TOTAL",1664,19.6
2022,"STATE","OREGON","41",NA,NA,"ACRES","GROWN","AREA GROWN","(0.1 TO 0.9 ACRES)",36,23
2022,"STATE","OREGON","41",NA,NA,"ACRES","GROWN","AREA GROWN","(1.0 TO 4.9 ACRES)",122,21.1
2022,"STATE","OREGON","41",NA,NA,"ACRES","GROWN","AREA GROWN","(100 OR MORE ACRES)",681,60.7
2022,"STATE","OREGON","41",NA,NA,"ACRES","GROWN","AREA GROWN","(15.0 TO 24.9 ACRES)",154,40.5
2022,"STATE","OREGON","41",NA,NA,"ACRES","GROWN","AREA GROWN","(25.0 TO 49.9 ACRES)",494,27.9
2022,"STATE","OREGON","41",NA,NA,"ACRES","GROWN","AREA GROWN","(5.0 TO 14.9 ACRES)",154,14.3
2022,"STATE","OREGON","41",NA,NA,"ACRES","GROWN","AREA GROWN","(50.0 TO 99.9 ACRES)",212,NA
2022,"STATE","OREGON","41",NA,NA,"ACRES","GROWN","TOTAL","TOTAL",1853,17.4
2022,"STATE","OREGON","41",NA,NA,"ACRES","NON-BEARING","AREA GROWN","(0.1 TO 0.9 ACRES)",NA,NA
2022,"STATE","OREGON","41",NA,NA,"ACRES","NON-BEARING","AREA GROWN","(1.0 TO 4.9 ACRES)",16,26.9
2022,"STATE","OREGON","41",NA,NA,"ACRES","NON-BEARING","AREA GROWN","(100 OR MORE ACRES)",NA,NA
2022,"STATE","OREGON","41",NA,NA,"ACRES","NON-BEARING","AREA GROWN","(15.0 TO 24.9 ACRES)",39,44.7
2022,"STATE","OREGON","41",NA,NA,"ACRES","NON-BEARING","AREA GROWN","(25.0 TO 49.9 ACRES)",26,58.4
2022,"STATE","OREGON","41",NA,NA,"ACRES","NON-BEARING","AREA GROWN","(5.0 TO 14.9 ACRES)",9,40
2022,"STATE","OREGON","41",NA,NA,"ACRES","NON-BEARING","AREA GROWN","(50.0 TO 99.9 ACRES)",NA,NA
2022,"STATE","OREGON","41",NA,NA,"ACRES","NON-BEARING","TOTAL","TOTAL",188,15.2
2022,"STATE","OREGON","41",NA,NA,"OPERATIONS","AREA BEARING","AREA GROWN","(0.1 TO 0.9 ACRES)",189,7.3
2022,"STATE","OREGON","41",NA,NA,"OPERATIONS","AREA BEARING","AREA GROWN","(1.0 TO 4.9 ACRES)",55,24.3
2022,"STATE","OREGON","41",NA,NA,"OPERATIONS","AREA BEARING","AREA GROWN","(100 OR MORE ACRES)",3,77.5
2022,"STATE","OREGON","41",NA,NA,"OPERATIONS","AREA BEARING","AREA GROWN","(15.0 TO 24.9 ACRES)",9,39.4
2022,"STATE","OREGON","41",NA,NA,"OPERATIONS","AREA BEARING","AREA GROWN","(25.0 TO 49.9 ACRES)",16,31.4
2022,"STATE","OREGON","41",NA,NA,"OPERATIONS","AREA BEARING","AREA GROWN","(5.0 TO 14.9 ACRES)",19,16.6
2022,"STATE","OREGON","41",NA,NA,"OPERATIONS","AREA BEARING","AREA GROWN","(50.0 TO 99.9 ACRES)",3,NA
2022,"STATE","OREGON","41",NA,NA,"OPERATIONS","AREA BEARING","TOTAL","TOTAL",294,6.7
2022,"STATE","OREGON","41",NA,NA,"OPERATIONS","AREA GROWN","AREA GROWN","(0.1 TO 0.9 ACRES)",206,12.9
2022,"STATE","OREGON","41",NA,NA,"OPERATIONS","AREA GROWN","AREA GROWN","(1.0 TO 4.9 ACRES)",57,23.2
2022,"STATE","OREGON","41",NA,NA,"OPERATIONS","AREA GROWN","AREA GROWN","(100 OR MORE ACRES)",3,77.5
2022,"STATE","OREGON","41",NA,NA,"OPERATIONS","AREA GROWN","AREA GROWN","(15.0 TO 24.9 ACRES)",9,39.4
2022,"STATE","OREGON","41",NA,NA,"OPERATIONS","AREA GROWN","AREA GROWN","(25.0 TO 49.9 ACRES)",16,31.4
2022,"STATE","OREGON","41",NA,NA,"OPERATIONS","AREA GROWN","AREA GROWN","(5.0 TO 14.9 ACRES)",19,16.6
2022,"STATE","OREGON","41",NA,NA,"OPERATIONS","AREA GROWN","AREA GROWN","(50.0 TO 99.9 ACRES)",3,NA
2022,"STATE","OREGON","41",NA,NA,"OPERATIONS","AREA GROWN","TOTAL","TOTAL",313,7.3
2022,"STATE","OREGON","41",NA,NA,"OPERATIONS","AREA NON-BEARING","AREA GROWN","(0.1 TO 0.9 ACRES)",21,84.2
2022,"STATE","OREGON","41",NA,NA,"OPERATIONS","AREA NON-BEARING","AREA GROWN","(1.0 TO 4.9 ACRES)",14,33.9
2022,"STATE","OREGON","41",NA,NA,"OPERATIONS","AREA NON-BEARING","AREA GROWN","(100 OR MORE ACRES)",1,NA
2022,"STATE","OREGON","41",NA,NA,"OPERATIONS","AREA NON-BEARING","AREA GROWN","(15.0 TO 24.9 ACRES)",7,50.7
2022,"STATE","OREGON","41",NA,NA,"OPERATIONS","AREA NON-BEARING","AREA GROWN","(25.0 TO 49.9 ACRES)",4,75
2022,"STATE","OREGON","41",NA,NA,"OPERATIONS","AREA NON-BEARING","AREA GROWN","(5.0 TO 14.9 ACRES)",6,22.4
2022,"STATE","OREGON","41",NA,NA,"OPERATIONS","AREA NON-BEARING","AREA GROWN","(50.0 TO 99.9 ACRES)",1,NA
2022,"STATE","OREGON","41",NA,NA,"OPERATIONS","AREA NON-BEARING","TOTAL","TOTAL",54,30.7
2022,"STATE","PENNSYLVANIA","42",NA,NA,"ACRES","BEARING","AREA GROWN","(0.1 TO 0.9 ACRES)",112,16.4
2022,"STATE","PENNSYLVANIA","42",NA,NA,"ACRES","BEARING","AREA GROWN","(1.0 TO 4.9 ACRES)",293,14.5
2022,"STATE","PENNSYLVANIA","42",NA,NA,"ACRES","BEARING","AREA GROWN","(15.0 TO 24.9 ACRES)",115,38.9
2022,"STATE","PENNSYLVANIA","42",NA,NA,"ACRES","BEARING","AREA GROWN","(5.0 TO 14.9 ACRES)",144,35.2
2022,"STATE","PENNSYLVANIA","42",NA,NA,"ACRES","BEARING","TOTAL","TOTAL",663,10.7
2022,"STATE","PENNSYLVANIA","42",NA,NA,"ACRES","GROWN","AREA GROWN","(0.1 TO 0.9 ACRES)",128,14.2
2022,"STATE","PENNSYLVANIA","42",NA,NA,"ACRES","GROWN","AREA GROWN","(1.0 TO 4.9 ACRES)",329,13.6
2022,"STATE","PENNSYLVANIA","42",NA,NA,"ACRES","GROWN","AREA GROWN","(15.0 TO 24.9 ACRES)",135,34.7
2022,"STATE","PENNSYLVANIA","42",NA,NA,"ACRES","GROWN","AREA GROWN","(5.0 TO 14.9 ACRES)",163,35.2
2022,"STATE","PENNSYLVANIA","42",NA,NA,"ACRES","GROWN","TOTAL","TOTAL",756,10.2
2022,"STATE","PENNSYLVANIA","42",NA,NA,"ACRES","NON-BEARING","AREA GROWN","(0.1 TO 0.9 ACRES)",16,17.8
2022,"STATE","PENNSYLVANIA","42",NA,NA,"ACRES","NON-BEARING","AREA GROWN","(1.0 TO 4.9 ACRES)",37,24.9
2022,"STATE","PENNSYLVANIA","42",NA,NA,"ACRES","NON-BEARING","AREA GROWN","(15.0 TO 24.9 ACRES)",20,17.1
2022,"STATE","PENNSYLVANIA","42",NA,NA,"ACRES","NON-BEARING","AREA GROWN","(5.0 TO 14.9 ACRES)",20,39.1
2022,"STATE","PENNSYLVANIA","42",NA,NA,"ACRES","NON-BEARING","TOTAL","TOTAL",92,8.8
2022,"STATE","PENNSYLVANIA","42",NA,NA,"OPERATIONS","AREA BEARING","AREA GROWN","(0.1 TO 0.9 ACRES)",411,10.1
2022,"STATE","PENNSYLVANIA","42",NA,NA,"OPERATIONS","AREA BEARING","AREA GROWN","(1.0 TO 4.9 ACRES)",184,10.4
2022,"STATE","PENNSYLVANIA","42",NA,NA,"OPERATIONS","AREA BEARING","AREA GROWN","(15.0 TO 24.9 ACRES)",8,37.5
2022,"STATE","PENNSYLVANIA","42",NA,NA,"OPERATIONS","AREA BEARING","AREA GROWN","(5.0 TO 14.9 ACRES)",25,21.1
2022,"STATE","PENNSYLVANIA","42",NA,NA,"OPERATIONS","AREA BEARING","TOTAL","TOTAL",628,7.2
2022,"STATE","PENNSYLVANIA","42",NA,NA,"OPERATIONS","AREA GROWN","AREA GROWN","(0.1 TO 0.9 ACRES)",444,9.3
2022,"STATE","PENNSYLVANIA","42",NA,NA,"OPERATIONS","AREA GROWN","AREA GROWN","(1.0 TO 4.9 ACRES)",187,9.9
2022,"STATE","PENNSYLVANIA","42",NA,NA,"OPERATIONS","AREA GROWN","AREA GROWN","(15.0 TO 24.9 ACRES)",8,37.5
2022,"STATE","PENNSYLVANIA","42",NA,NA,"OPERATIONS","AREA GROWN","AREA GROWN","(5.0 TO 14.9 ACRES)",25,21.1
2022,"STATE","PENNSYLVANIA","42",NA,NA,"OPERATIONS","AREA GROWN","TOTAL","TOTAL",664,6.9
2022,"STATE","PENNSYLVANIA","42",NA,NA,"OPERATIONS","AREA NON-BEARING","AREA GROWN","(0.1 TO 0.9 ACRES)",89,14.9
2022,"STATE","PENNSYLVANIA","42",NA,NA,"OPERATIONS","AREA NON-BEARING","AREA GROWN","(1.0 TO 4.9 ACRES)",51,30.6
2022,"STATE","PENNSYLVANIA","42",NA,NA,"OPERATIONS","AREA NON-BEARING","AREA GROWN","(15.0 TO 24.9 ACRES)",4,23.7
2022,"STATE","PENNSYLVANIA","42",NA,NA,"OPERATIONS","AREA NON-BEARING","AREA GROWN","(5.0 TO 14.9 ACRES)",9,42.2
2022,"STATE","PENNSYLVANIA","42",NA,NA,"OPERATIONS","AREA NON-BEARING","TOTAL","TOTAL",153,8.6
2022,"STATE","RHODE ISLAND","44",NA,NA,"ACRES","BEARING","TOTAL","TOTAL",33,7.1
2022,"STATE","RHODE ISLAND","44",NA,NA,"ACRES","GROWN","TOTAL","TOTAL",42,8.7
2022,"STATE","RHODE ISLAND","44",NA,NA,"ACRES","NON-BEARING","TOTAL","TOTAL",9,15.8
2022,"STATE","RHODE ISLAND","44",NA,NA,"OPERATIONS","AREA BEARING","TOTAL","TOTAL",25,22.1
2022,"STATE","RHODE ISLAND","44",NA,NA,"OPERATIONS","AREA GROWN","TOTAL","TOTAL",33,13.2
2022,"STATE","RHODE ISLAND","44",NA,NA,"OPERATIONS","AREA NON-BEARING","TOTAL","TOTAL",12,33.5
2022,"STATE","SOUTH CAROLINA","45",NA,NA,"ACRES","BEARING","TOTAL","TOTAL",707,22.1
2022,"STATE","SOUTH CAROLINA","45",NA,NA,"ACRES","GROWN","TOTAL","TOTAL",713,21.7
2022,"STATE","SOUTH CAROLINA","45",NA,NA,"ACRES","NON-BEARING","TOTAL","TOTAL",7,27
2022,"STATE","SOUTH CAROLINA","45",NA,NA,"OPERATIONS","AREA BEARING","TOTAL","TOTAL",171,12.8
2022,"STATE","SOUTH CAROLINA","45",NA,NA,"OPERATIONS","AREA GROWN","TOTAL","TOTAL",192,12.3
2022,"STATE","SOUTH CAROLINA","45",NA,NA,"OPERATIONS","AREA NON-BEARING","TOTAL","TOTAL",26,28.5
2022,"STATE","SOUTH DAKOTA","46",NA,NA,"ACRES","BEARING","TOTAL","TOTAL",NA,NA
2022,"STATE","SOUTH DAKOTA","46",NA,NA,"ACRES","GROWN","TOTAL","TOTAL",14,NA
2022,"STATE","SOUTH DAKOTA","46",NA,NA,"ACRES","NON-BEARING","TOTAL","TOTAL",NA,NA
2022,"STATE","SOUTH DAKOTA","46",NA,NA,"OPERATIONS","AREA BEARING","TOTAL","TOTAL",14,NA
2022,"STATE","SOUTH DAKOTA","46",NA,NA,"OPERATIONS","AREA GROWN","TOTAL","TOTAL",16,NA
2022,"STATE","SOUTH DAKOTA","46",NA,NA,"OPERATIONS","AREA NON-BEARING","TOTAL","TOTAL",3,NA
2022,"STATE","TENNESSEE","47",NA,NA,"ACRES","BEARING","TOTAL","TOTAL",129,34.5
2022,"STATE","TENNESSEE","47",NA,NA,"ACRES","GROWN","TOTAL","TOTAL",155,37.8
2022,"STATE","TENNESSEE","47",NA,NA,"ACRES","NON-BEARING","TOTAL","TOTAL",25,69.5
2022,"STATE","TENNESSEE","47",NA,NA,"OPERATIONS","AREA BEARING","TOTAL","TOTAL",145,42
2022,"STATE","TENNESSEE","47",NA,NA,"OPERATIONS","AREA GROWN","TOTAL","TOTAL",166,44
2022,"STATE","TENNESSEE","47",NA,NA,"OPERATIONS","AREA NON-BEARING","TOTAL","TOTAL",38,72.3
2022,"STATE","TEXAS","48",NA,NA,"ACRES","BEARING","TOTAL","TOTAL",189,54.4
2022,"STATE","TEXAS","48",NA,NA,"ACRES","GROWN","TOTAL","TOTAL",225,48.5
2022,"STATE","TEXAS","48",NA,NA,"ACRES","NON-BEARING","TOTAL","TOTAL",36,31.9
2022,"STATE","TEXAS","48",NA,NA,"OPERATIONS","AREA BEARING","TOTAL","TOTAL",182,21.2
2022,"STATE","TEXAS","48",NA,NA,"OPERATIONS","AREA GROWN","TOTAL","TOTAL",221,16.1
2022,"STATE","TEXAS","48",NA,NA,"OPERATIONS","AREA NON-BEARING","TOTAL","TOTAL",86,12.7
2022,"STATE","UTAH","49",NA,NA,"ACRES","BEARING","TOTAL","TOTAL",7,15.4
2022,"STATE","UTAH","49",NA,NA,"ACRES","GROWN","TOTAL","TOTAL",10,14.8
2022,"STATE","UTAH","49",NA,NA,"ACRES","NON-BEARING","TOTAL","TOTAL",2,25.2
2022,"STATE","UTAH","49",NA,NA,"OPERATIONS","AREA BEARING","TOTAL","TOTAL",41,21
2022,"STATE","UTAH","49",NA,NA,"OPERATIONS","AREA GROWN","TOTAL","TOTAL",47,19.7
2022,"STATE","UTAH","49",NA,NA,"OPERATIONS","AREA NON-BEARING","TOTAL","TOTAL",12,20.9
2022,"STATE","VERMONT","50",NA,NA,"ACRES","BEARING","TOTAL","TOTAL",117,21.2
2022,"STATE","VERMONT","50",NA,NA,"ACRES","GROWN","TOTAL","TOTAL",168,27.8
2022,"STATE","VERMONT","50",NA,NA,"ACRES","NON-BEARING","TOTAL","TOTAL",51,43.7
2022,"STATE","VERMONT","50",NA,NA,"OPERATIONS","AREA BEARING","TOTAL","TOTAL",111,27
2022,"STATE","VERMONT","50",NA,NA,"OPERATIONS","AREA GROWN","TOTAL","TOTAL",125,25
2022,"STATE","VERMONT","50",NA,NA,"OPERATIONS","AREA NON-BEARING","TOTAL","TOTAL",55,38.5
2022,"STATE","VIRGINIA","51",NA,NA,"ACRES","BEARING","TOTAL","TOTAL",205,22.9
2022,"STATE","VIRGINIA","51",NA,NA,"ACRES","GROWN","TOTAL","TOTAL",227,21.7
2022,"STATE","VIRGINIA","51",NA,NA,"ACRES","NON-BEARING","TOTAL","TOTAL",21,64.7
2022,"STATE","VIRGINIA","51",NA,NA,"OPERATIONS","AREA BEARING","TOTAL","TOTAL",203,23
2022,"STATE","VIRGINIA","51",NA,NA,"OPERATIONS","AREA GROWN","TOTAL","TOTAL",231,22.8
2022,"STATE","VIRGINIA","51",NA,NA,"OPERATIONS","AREA NON-BEARING","TOTAL","TOTAL",48,25.4
2022,"STATE","WASHINGTON","53",NA,NA,"ACRES","BEARING","AREA GROWN","(0.1 TO 0.9 ACRES)",37,17.4
2022,"STATE","WASHINGTON","53",NA,NA,"ACRES","BEARING","AREA GROWN","(1.0 TO 4.9 ACRES)",67,23.5
2022,"STATE","WASHINGTON","53",NA,NA,"ACRES","BEARING","AREA GROWN","(100 OR MORE ACRES)",NA,NA
2022,"STATE","WASHINGTON","53",NA,NA,"ACRES","BEARING","AREA GROWN","(15.0 TO 24.9 ACRES)",149,57.2
2022,"STATE","WASHINGTON","53",NA,NA,"ACRES","BEARING","AREA GROWN","(25.0 TO 49.9 ACRES)",NA,NA
2022,"STATE","WASHINGTON","53",NA,NA,"ACRES","BEARING","AREA GROWN","(5.0 TO 14.9 ACRES)",146,88.3
2022,"STATE","WASHINGTON","53",NA,NA,"ACRES","BEARING","AREA GROWN","(50.0 TO 99.9 ACRES)",NA,NA
2022,"STATE","WASHINGTON","53",NA,NA,"ACRES","BEARING","TOTAL","TOTAL",856,35.2
2022,"STATE","WASHINGTON","53",NA,NA,"ACRES","GROWN","AREA GROWN","(0.1 TO 0.9 ACRES)",43,13.3
2022,"STATE","WASHINGTON","53",NA,NA,"ACRES","GROWN","AREA GROWN","(1.0 TO 4.9 ACRES)",81,19.7
2022,"STATE","WASHINGTON","53",NA,NA,"ACRES","GROWN","AREA GROWN","(100 OR MORE ACRES)",NA,NA
2022,"STATE","WASHINGTON","53",NA,NA,"ACRES","GROWN","AREA GROWN","(15.0 TO 24.9 ACRES)",189,71.8
2022,"STATE","WASHINGTON","53",NA,NA,"ACRES","GROWN","AREA GROWN","(25.0 TO 49.9 ACRES)",NA,NA
2022,"STATE","WASHINGTON","53",NA,NA,"ACRES","GROWN","AREA GROWN","(5.0 TO 14.9 ACRES)",160,85.5
2022,"STATE","WASHINGTON","53",NA,NA,"ACRES","GROWN","AREA GROWN","(50.0 TO 99.9 ACRES)",NA,NA
2022,"STATE","WASHINGTON","53",NA,NA,"ACRES","GROWN","TOTAL","TOTAL",1011,38.7
2022,"STATE","WASHINGTON","53",NA,NA,"ACRES","NON-BEARING","AREA GROWN","(0.1 TO 0.9 ACRES)",5,39.6
2022,"STATE","WASHINGTON","53",NA,NA,"ACRES","NON-BEARING","AREA GROWN","(1.0 TO 4.9 ACRES)",14,39.7
2022,"STATE","WASHINGTON","53",NA,NA,"ACRES","NON-BEARING","AREA GROWN","(100 OR MORE ACRES)",NA,NA
2022,"STATE","WASHINGTON","53",NA,NA,"ACRES","NON-BEARING","AREA GROWN","(15.0 TO 24.9 ACRES)",40,NA
2022,"STATE","WASHINGTON","53",NA,NA,"ACRES","NON-BEARING","AREA GROWN","(25.0 TO 49.9 ACRES)",NA,NA
2022,"STATE","WASHINGTON","53",NA,NA,"ACRES","NON-BEARING","AREA GROWN","(5.0 TO 14.9 ACRES)",14,95.9
2022,"STATE","WASHINGTON","53",NA,NA,"ACRES","NON-BEARING","AREA GROWN","(50.0 TO 99.9 ACRES)",NA,NA
2022,"STATE","WASHINGTON","53",NA,NA,"ACRES","NON-BEARING","TOTAL","TOTAL",156,97.2
2022,"STATE","WASHINGTON","53",NA,NA,"OPERATIONS","AREA BEARING","AREA GROWN","(0.1 TO 0.9 ACRES)",221,18.8
2022,"STATE","WASHINGTON","53",NA,NA,"OPERATIONS","AREA BEARING","AREA GROWN","(1.0 TO 4.9 ACRES)",36,21.7
2022,"STATE","WASHINGTON","53",NA,NA,"OPERATIONS","AREA BEARING","AREA GROWN","(100 OR MORE ACRES)",2,NA
2022,"STATE","WASHINGTON","53",NA,NA,"OPERATIONS","AREA BEARING","AREA GROWN","(15.0 TO 24.9 ACRES)",9,50.6
2022,"STATE","WASHINGTON","53",NA,NA,"OPERATIONS","AREA BEARING","AREA GROWN","(25.0 TO 49.9 ACRES)",1,NA
2022,"STATE","WASHINGTON","53",NA,NA,"OPERATIONS","AREA BEARING","AREA GROWN","(5.0 TO 14.9 ACRES)",16,69.4
2022,"STATE","WASHINGTON","53",NA,NA,"OPERATIONS","AREA BEARING","AREA GROWN","(50.0 TO 99.9 ACRES)",2,NA
2022,"STATE","WASHINGTON","53",NA,NA,"OPERATIONS","AREA BEARING","TOTAL","TOTAL",287,16.1
2022,"STATE","WASHINGTON","53",NA,NA,"OPERATIONS","AREA GROWN","AREA GROWN","(0.1 TO 0.9 ACRES)",239,13.8
2022,"STATE","WASHINGTON","53",NA,NA,"OPERATIONS","AREA GROWN","AREA GROWN","(1.0 TO 4.9 ACRES)",37,21.1
2022,"STATE","WASHINGTON","53",NA,NA,"OPERATIONS","AREA GROWN","AREA GROWN","(100 OR MORE ACRES)",2,NA
2022,"STATE","WASHINGTON","53",NA,NA,"OPERATIONS","AREA GROWN","AREA GROWN","(15.0 TO 24.9 ACRES)",10,78.2
2022,"STATE","WASHINGTON","53",NA,NA,"OPERATIONS","AREA GROWN","AREA GROWN","(25.0 TO 49.9 ACRES)",1,NA
2022,"STATE","WASHINGTON","53",NA,NA,"OPERATIONS","AREA GROWN","AREA GROWN","(5.0 TO 14.9 ACRES)",16,69.4
2022,"STATE","WASHINGTON","53",NA,NA,"OPERATIONS","AREA GROWN","AREA GROWN","(50.0 TO 99.9 ACRES)",2,NA
2022,"STATE","WASHINGTON","53",NA,NA,"OPERATIONS","AREA GROWN","TOTAL","TOTAL",307,11
2022,"STATE","WASHINGTON","53",NA,NA,"OPERATIONS","AREA NON-BEARING","AREA GROWN","(0.1 TO 0.9 ACRES)",28,53.2
2022,"STATE","WASHINGTON","53",NA,NA,"OPERATIONS","AREA NON-BEARING","AREA GROWN","(1.0 TO 4.9 ACRES)",10,42.4
2022,"STATE","WASHINGTON","53",NA,NA,"OPERATIONS","AREA NON-BEARING","AREA GROWN","(100 OR MORE ACRES)",1,NA
2022,"STATE","WASHINGTON","53",NA,NA,"OPERATIONS","AREA NON-BEARING","AREA GROWN","(15.0 TO 24.9 ACRES)",4,NA
2022,"STATE","WASHINGTON","53",NA,NA,"OPERATIONS","AREA NON-BEARING","AREA GROWN","(25.0 TO 49.9 ACRES)",1,NA
2022,"STATE","WASHINGTON","53",NA,NA,"OPERATIONS","AREA NON-BEARING","AREA GROWN","(5.0 TO 14.9 ACRES)",4,82.2
2022,"STATE","WASHINGTON","53",NA,NA,"OPERATIONS","AREA NON-BEARING","AREA GROWN","(50.0 TO 99.9 ACRES)",2,NA
2022,"STATE","WASHINGTON","53",NA,NA,"OPERATIONS","AREA NON-BEARING","TOTAL","TOTAL",50,44.1
2022,"STATE","WEST VIRGINIA","54",NA,NA,"ACRES","BEARING","TOTAL","TOTAL",59,10.2
2022,"STATE","WEST VIRGINIA","54",NA,NA,"ACRES","GROWN","TOTAL","TOTAL",65,11.3
2022,"STATE","WEST VIRGINIA","54",NA,NA,"ACRES","NON-BEARING","TOTAL","TOTAL",6,37.8
2022,"STATE","WEST VIRGINIA","54",NA,NA,"OPERATIONS","AREA BEARING","TOTAL","TOTAL",91,33.4
2022,"STATE","WEST VIRGINIA","54",NA,NA,"OPERATIONS","AREA GROWN","TOTAL","TOTAL",116,31.3
2022,"STATE","WEST VIRGINIA","54",NA,NA,"OPERATIONS","AREA NON-BEARING","TOTAL","TOTAL",33,29.6
2022,"STATE","WISCONSIN","55",NA,NA,"ACRES","BEARING","AREA GROWN","(0.1 TO 0.9 ACRES)",NA,NA
2022,"STATE","WISCONSIN","55",NA,NA,"ACRES","BEARING","AREA GROWN","(1.0 TO 4.9 ACRES)",115,11.9
2022,"STATE","WISCONSIN","55",NA,NA,"ACRES","BEARING","AREA GROWN","(15.0 TO 24.9 ACRES)",136,49.1
2022,"STATE","WISCONSIN","55",NA,NA,"ACRES","BEARING","AREA GROWN","(25.0 TO 49.9 ACRES)",NA,NA
2022,"STATE","WISCONSIN","55",NA,NA,"ACRES","BEARING","AREA GROWN","(5.0 TO 14.9 ACRES)",200,15.8
2022,"STATE","WISCONSIN","55",NA,NA,"ACRES","BEARING","TOTAL","TOTAL",529,25.5
2022,"STATE","WISCONSIN","55",NA,NA,"ACRES","GROWN","AREA GROWN","(0.1 TO 0.9 ACRES)",NA,NA
2022,"STATE","WISCONSIN","55",NA,NA,"ACRES","GROWN","AREA GROWN","(1.0 TO 4.9 ACRES)",165,8.4
2022,"STATE","WISCONSIN","55",NA,NA,"ACRES","GROWN","AREA GROWN","(15.0 TO 24.9 ACRES)",169,53.3
2022,"STATE","WISCONSIN","55",NA,NA,"ACRES","GROWN","AREA GROWN","(25.0 TO 49.9 ACRES)",NA,NA
2022,"STATE","WISCONSIN","55",NA,NA,"ACRES","GROWN","AREA GROWN","(5.0 TO 14.9 ACRES)",294,24.4
2022,"STATE","WISCONSIN","55",NA,NA,"ACRES","GROWN","TOTAL","TOTAL",726,20
2022,"STATE","WISCONSIN","55",NA,NA,"ACRES","NON-BEARING","AREA GROWN","(0.1 TO 0.9 ACRES)",NA,NA
2022,"STATE","WISCONSIN","55",NA,NA,"ACRES","NON-BEARING","AREA GROWN","(1.0 TO 4.9 ACRES)",51,9.4
2022,"STATE","WISCONSIN","55",NA,NA,"ACRES","NON-BEARING","AREA GROWN","(15.0 TO 24.9 ACRES)",33,82
2022,"STATE","WISCONSIN","55",NA,NA,"ACRES","NON-BEARING","AREA GROWN","(25.0 TO 49.9 ACRES)",NA,NA
2022,"STATE","WISCONSIN","55",NA,NA,"ACRES","NON-BEARING","AREA GROWN","(5.0 TO 14.9 ACRES)",94,56
2022,"STATE","WISCONSIN","55",NA,NA,"ACRES","NON-BEARING","TOTAL","TOTAL",197,20.3
2022,"STATE","WISCONSIN","55",NA,NA,"OPERATIONS","AREA BEARING","AREA GROWN","(0.1 TO 0.9 ACRES)",140,10.5
2022,"STATE","WISCONSIN","55",NA,NA,"OPERATIONS","AREA BEARING","AREA GROWN","(1.0 TO 4.9 ACRES)",72,5.7
2022,"STATE","WISCONSIN","55",NA,NA,"OPERATIONS","AREA BEARING","AREA GROWN","(15.0 TO 24.9 ACRES)",9,48.3
2022,"STATE","WISCONSIN","55",NA,NA,"OPERATIONS","AREA BEARING","AREA GROWN","(25.0 TO 49.9 ACRES)",2,NA
2022,"STATE","WISCONSIN","55",NA,NA,"OPERATIONS","AREA BEARING","AREA GROWN","(5.0 TO 14.9 ACRES)",38,27.8
2022,"STATE","WISCONSIN","55",NA,NA,"OPERATIONS","AREA BEARING","TOTAL","TOTAL",261,6.5
2022,"STATE","WISCONSIN","55",NA,NA,"OPERATIONS","AREA GROWN","AREA GROWN","(0.1 TO 0.9 ACRES)",180,9.3
2022,"STATE","WISCONSIN","55",NA,NA,"OPERATIONS","AREA GROWN","AREA GROWN","(1.0 TO 4.9 ACRES)",75,5.5
2022,"STATE","WISCONSIN","55",NA,NA,"OPERATIONS","AREA GROWN","AREA GROWN","(15.0 TO 24.9 ACRES)",9,48.3
2022,"STATE","WISCONSIN","55",NA,NA,"OPERATIONS","AREA GROWN","AREA GROWN","(25.0 TO 49.9 ACRES)",2,NA
2022,"STATE","WISCONSIN","55",NA,NA,"OPERATIONS","AREA GROWN","AREA GROWN","(5.0 TO 14.9 ACRES)",39,27.1
2022,"STATE","WISCONSIN","55",NA,NA,"OPERATIONS","AREA GROWN","TOTAL","TOTAL",305,6.9
2022,"STATE","WISCONSIN","55",NA,NA,"OPERATIONS","AREA NON-BEARING","AREA GROWN","(0.1 TO 0.9 ACRES)",60,24.4
2022,"STATE","WISCONSIN","55",NA,NA,"OPERATIONS","AREA NON-BEARING","AREA GROWN","(1.0 TO 4.9 ACRES)",45,11.2
2022,"STATE","WISCONSIN","55",NA,NA,"OPERATIONS","AREA NON-BEARING","AREA GROWN","(15.0 TO 24.9 ACRES)",6,41.8
2022,"STATE","WISCONSIN","55",NA,NA,"OPERATIONS","AREA NON-BEARING","AREA GROWN","(25.0 TO 49.9 ACRES)",1,NA
2022,"STATE","WISCONSIN","55",NA,NA,"OPERATIONS","AREA NON-BEARING","AREA GROWN","(5.0 TO 14.9 ACRES)",27,43.7
2022,"STATE","WISCONSIN","55",NA,NA,"OPERATIONS","AREA NON-BEARING","TOTAL","TOTAL",139,14.1
2022,"STATE","WYOMING","56",NA,NA,"ACRES","BEARING","TOTAL","TOTAL",NA,NA
2022,"STATE","WYOMING","56",NA,NA,"ACRES","GROWN","TOTAL","TOTAL",1,67.1
2022,"STATE","WYOMING","56",NA,NA,"ACRES","NON-BEARING","TOTAL","TOTAL",NA,NA
2022,"STATE","WYOMING","56",NA,NA,"OPERATIONS","AREA BEARING","TOTAL","TOTAL",3,89.4
2022,"STATE","WYOMING","56",NA,NA,"OPERATIONS","AREA GROWN","TOTAL","TOTAL",6,74.2
2022,"STATE","WYOMING","56",NA,NA,"OPERATIONS","AREA NON-BEARING","TOTAL","TOTAL",3,NA
