"mkt","measure","Value"
NA,"LB",NA
NA,"LB / ACRE / APPLICATION",NA
NA,"LB / ACRE / YEAR",NA
NA,"NUMBER",NA
NA,"PCT OF AREA BEARING",NA
"BEARING - APPLICATIONS","LB",3300
"BEARING - APPLICATIONS","LB",NA
"BEARING - APPLICATIONS","LB",2800
"BEARING - APPLICATIONS","LB",6600
"BEARING - APPLICATIONS","LB",603100
"BEARING - APPLICATIONS","LB",30300
"BEARING - APPLICATIONS","LB",8600
"BEARING - APPLICATIONS","LB",22400
"BEARING - APPLICATIONS","LB",14600
"BEARING - APPLICATIONS","LB",7100
"BEARING - APPLICATIONS","LB",7200
"BEARING - APPLICATIONS","LB",10800
"BEARING - APPLICATIONS","LB",4000
"BEARING - APPLICATIONS","LB",2300
"BEARING - APPLICATIONS","LB",10600
"BEARING - APPLICATIONS","LB",8300
"BEARING - APPLICATIONS","LB",3600
"BEARING - APPLICATIONS","LB",1258100
"BEARING - APPLICATIONS","LB",1300
"BEARING - APPLICATIONS","LB",269500
"BEARING - APPLICATIONS","LB",2338800
"BEARING - APPLICATIONS","LB",3900
"BEARING - APPLICATIONS","LB",71400
"BEARING - APPLICATIONS","LB",89700
"BEARING - APPLICATIONS","LB",300
"BEARING - APPLICATIONS","LB",12800
"BEARING - APPLICATIONS","LB",28700
"BEARING - APPLICATIONS","LB",4600
"BEARING - APPLICATIONS","LB",2000
"BEARING - APPLICATIONS","LB",1700
"BEARING - APPLICATIONS","LB",7600
"BEARING - APPLICATIONS","LB",6200
"BEARING - APPLICATIONS","LB",5000
"BEARING - APPLICATIONS","LB",5400
"BEARING - APPLICATIONS","LB",3100
"BEARING - APPLICATIONS","LB",19400
"BEARING - APPLICATIONS","LB",7900
"BEARING - APPLICATIONS","LB",5600
"BEARING - APPLICATIONS","LB",3800
"BEARING - APPLICATIONS","LB",231600
"BEARING - APPLICATIONS","LB",11299000
"BEARING - APPLICATIONS","LB",1642600
"BEARING - APPLICATIONS","LB",15611900
"BEARING - APPLICATIONS","LB / ACRE / APPLICATION",0.234
"BEARING - APPLICATIONS","LB / ACRE / APPLICATION",NA
"BEARING - APPLICATIONS","LB / ACRE / APPLICATION",0.042
"BEARING - APPLICATIONS","LB / ACRE / APPLICATION",0.354
"BEARING - APPLICATIONS","LB / ACRE / APPLICATION",1.693
"BEARING - APPLICATIONS","LB / ACRE / APPLICATION",0.316
"BEARING - APPLICATIONS","LB / ACRE / APPLICATION",0.659
"BEARING - APPLICATIONS","LB / ACRE / APPLICATION",0.211
"BEARING - APPLICATIONS","LB / ACRE / APPLICATION",0.119
"BEARING - APPLICATIONS","LB / ACRE / APPLICATION",0.161
"BEARING - APPLICATIONS","LB / ACRE / APPLICATION",0.5
"BEARING - APPLICATIONS","LB / ACRE / APPLICATION",0.105
"BEARING - APPLICATIONS","LB / ACRE / APPLICATION",0.271
"BEARING - APPLICATIONS","LB / ACRE / APPLICATION",0.061
"BEARING - APPLICATIONS","LB / ACRE / APPLICATION",0.112
"BEARING - APPLICATIONS","LB / ACRE / APPLICATION",0.167
"BEARING - APPLICATIONS","LB / ACRE / APPLICATION",0.658
"BEARING - APPLICATIONS","LB / ACRE / APPLICATION",0.095
"BEARING - APPLICATIONS","LB / ACRE / APPLICATION",5.471
"BEARING - APPLICATIONS","LB / ACRE / APPLICATION",0.036
"BEARING - APPLICATIONS","LB / ACRE / APPLICATION",0.695
"BEARING - APPLICATIONS","LB / ACRE / APPLICATION",2.201
"BEARING - APPLICATIONS","LB / ACRE / APPLICATION",0.078
"BEARING - APPLICATIONS","LB / ACRE / APPLICATION",0.923
"BEARING - APPLICATIONS","LB / ACRE / APPLICATION",0.019
"BEARING - APPLICATIONS","LB / ACRE / APPLICATION",0.299
"BEARING - APPLICATIONS","LB / ACRE / APPLICATION",0.129
"BEARING - APPLICATIONS","LB / ACRE / APPLICATION",0.03
"BEARING - APPLICATIONS","LB / ACRE / APPLICATION",0.116
"BEARING - APPLICATIONS","LB / ACRE / APPLICATION",0.063
"BEARING - APPLICATIONS","LB / ACRE / APPLICATION",0.117
"BEARING - APPLICATIONS","LB / ACRE / APPLICATION",0.178
"BEARING - APPLICATIONS","LB / ACRE / APPLICATION",0.26
"BEARING - APPLICATIONS","LB / ACRE / APPLICATION",0.087
"BEARING - APPLICATIONS","LB / ACRE / APPLICATION",0.182
"BEARING - APPLICATIONS","LB / ACRE / APPLICATION",0.186
"BEARING - APPLICATIONS","LB / ACRE / APPLICATION",0.457
"BEARING - APPLICATIONS","LB / ACRE / APPLICATION",1.807
"BEARING - APPLICATIONS","LB / ACRE / APPLICATION",0.169
"BEARING - APPLICATIONS","LB / ACRE / APPLICATION",0.077
"BEARING - APPLICATIONS","LB / ACRE / APPLICATION",0.071
"BEARING - APPLICATIONS","LB / ACRE / APPLICATION",0.094
"BEARING - APPLICATIONS","LB / ACRE / APPLICATION",0.062
"BEARING - APPLICATIONS","LB / ACRE / APPLICATION",188.284
"BEARING - APPLICATIONS","LB / ACRE / APPLICATION",111.391
"BEARING - APPLICATIONS","LB / ACRE / APPLICATION",0.114
"BEARING - APPLICATIONS","LB / ACRE / YEAR",0.326
"BEARING - APPLICATIONS","LB / ACRE / YEAR",NA
"BEARING - APPLICATIONS","LB / ACRE / YEAR",0.093
"BEARING - APPLICATIONS","LB / ACRE / YEAR",0.885
"BEARING - APPLICATIONS","LB / ACRE / YEAR",15.932
"BEARING - APPLICATIONS","LB / ACRE / YEAR",0.872
"BEARING - APPLICATIONS","LB / ACRE / YEAR",0.753
"BEARING - APPLICATIONS","LB / ACRE / YEAR",0.599
"BEARING - APPLICATIONS","LB / ACRE / YEAR",0.389
"BEARING - APPLICATIONS","LB / ACRE / YEAR",0.294
"BEARING - APPLICATIONS","LB / ACRE / YEAR",0.727
"BEARING - APPLICATIONS","LB / ACRE / YEAR",0.546
"BEARING - APPLICATIONS","LB / ACRE / YEAR",0.49
"BEARING - APPLICATIONS","LB / ACRE / YEAR",0.109
"BEARING - APPLICATIONS","LB / ACRE / YEAR",0.174
"BEARING - APPLICATIONS","LB / ACRE / YEAR",0.355
"BEARING - APPLICATIONS","LB / ACRE / YEAR",1.036
"BEARING - APPLICATIONS","LB / ACRE / YEAR",0.193
"BEARING - APPLICATIONS","LB / ACRE / YEAR",38.761
"BEARING - APPLICATIONS","LB / ACRE / YEAR",0.059
"BEARING - APPLICATIONS","LB / ACRE / YEAR",1.667
"BEARING - APPLICATIONS","LB / ACRE / YEAR",8.873
"BEARING - APPLICATIONS","LB / ACRE / YEAR",0.39
"BEARING - APPLICATIONS","LB / ACRE / YEAR",0.315
"BEARING - APPLICATIONS","LB / ACRE / YEAR",5.892
"BEARING - APPLICATIONS","LB / ACRE / YEAR",0.025
"BEARING - APPLICATIONS","LB / ACRE / YEAR",0.65
"BEARING - APPLICATIONS","LB / ACRE / YEAR",0.181
"BEARING - APPLICATIONS","LB / ACRE / YEAR",0.114
"BEARING - APPLICATIONS","LB / ACRE / YEAR",1.094
"BEARING - APPLICATIONS","LB / ACRE / YEAR",0.178
"BEARING - APPLICATIONS","LB / ACRE / YEAR",0.158
"BEARING - APPLICATIONS","LB / ACRE / YEAR",0.241
"BEARING - APPLICATIONS","LB / ACRE / YEAR",0.397
"BEARING - APPLICATIONS","LB / ACRE / YEAR",0.327
"BEARING - APPLICATIONS","LB / ACRE / YEAR",0.197
"BEARING - APPLICATIONS","LB / ACRE / YEAR",0.317
"BEARING - APPLICATIONS","LB / ACRE / YEAR",0.227
"BEARING - APPLICATIONS","LB / ACRE / YEAR",0.496
"BEARING - APPLICATIONS","LB / ACRE / YEAR",2.398
"BEARING - APPLICATIONS","LB / ACRE / YEAR",0.276
"BEARING - APPLICATIONS","LB / ACRE / YEAR",0.232
"BEARING - APPLICATIONS","LB / ACRE / YEAR",0.125
"BEARING - APPLICATIONS","LB / ACRE / YEAR",0.173
"BEARING - APPLICATIONS","LB / ACRE / YEAR",0.092
"BEARING - APPLICATIONS","LB / ACRE / YEAR",442.413
"BEARING - APPLICATIONS","LB / ACRE / YEAR",131.091
"BEARING - APPLICATIONS","LB / ACRE / YEAR",0.218
"BEARING - APPLICATIONS","NUMBER",1.4
"BEARING - APPLICATIONS","NUMBER",NA
"BEARING - APPLICATIONS","NUMBER",2.2
"BEARING - APPLICATIONS","NUMBER",2.5
"BEARING - APPLICATIONS","NUMBER",9.4
"BEARING - APPLICATIONS","NUMBER",2.8
"BEARING - APPLICATIONS","NUMBER",1.1
"BEARING - APPLICATIONS","NUMBER",3.3
"BEARING - APPLICATIONS","NUMBER",1.8
"BEARING - APPLICATIONS","NUMBER",1.5
"BEARING - APPLICATIONS","NUMBER",5.2
"BEARING - APPLICATIONS","NUMBER",1.6
"BEARING - APPLICATIONS","NUMBER",2.1
"BEARING - APPLICATIONS","NUMBER",2
"BEARING - APPLICATIONS","NUMBER",7.1
"BEARING - APPLICATIONS","NUMBER",2.4
"BEARING - APPLICATIONS","NUMBER",4
"BEARING - APPLICATIONS","NUMBER",4.1
"BEARING - APPLICATIONS","NUMBER",6.4
"BEARING - APPLICATIONS","NUMBER",1.3
"BEARING - APPLICATIONS","NUMBER",3.8
"BEARING - APPLICATIONS","NUMBER",3.1
"BEARING - APPLICATIONS","NUMBER",2.3
"BEARING - APPLICATIONS","NUMBER",1.7
"BEARING - APPLICATIONS","NUMBER",1.2
"BEARING - APPLICATIONS","NUMBER",3
"BEARING - APPLICATIONS","NUMBER",1.9
"BEARING - TREATED","PCT OF AREA BEARING",24
"BEARING - TREATED","PCT OF AREA BEARING",NA
"BEARING - TREATED","PCT OF AREA BEARING",70
"BEARING - TREATED","PCT OF AREA BEARING",17
"BEARING - TREATED","PCT OF AREA BEARING",88
"BEARING - TREATED","PCT OF AREA BEARING",81
"BEARING - TREATED","PCT OF AREA BEARING",26
"BEARING - TREATED","PCT OF AREA BEARING",87
"BEARING - TREATED","PCT OF AREA BEARING",56
"BEARING - TREATED","PCT OF AREA BEARING",23
"BEARING - TREATED","PCT OF AREA BEARING",46
"BEARING - TREATED","PCT OF AREA BEARING",19
"BEARING - TREATED","PCT OF AREA BEARING",31
"BEARING - TREATED","PCT OF AREA BEARING",69
"BEARING - TREATED","PCT OF AREA BEARING",44
"BEARING - TREATED","PCT OF AREA BEARING",75
"BEARING - TREATED","PCT OF AREA BEARING",50
"BEARING - TREATED","PCT OF AREA BEARING",15
"BEARING - TREATED","PCT OF AREA BEARING",92
"BEARING - TREATED","PCT OF AREA BEARING",29
"BEARING - TREATED","PCT OF AREA BEARING",28
"BEARING - TREATED","PCT OF AREA BEARING",30
"BEARING - TREATED","PCT OF AREA BEARING",43
"BEARING - TREATED","PCT OF AREA BEARING",57
"BEARING - TREATED","PCT OF AREA BEARING",61
"BEARING - TREATED","PCT OF AREA BEARING",60
"BEARING - TREATED","PCT OF AREA BEARING",7
"BEARING - TREATED","PCT OF AREA BEARING",34
"BEARING - TREATED","PCT OF AREA BEARING",16
"BEARING - TREATED","PCT OF AREA BEARING",47
"BEARING - TREATED","PCT OF AREA BEARING",73
"BEARING - TREATED","PCT OF AREA BEARING",37
"BEARING - TREATED","PCT OF AREA BEARING",55
"BEARING - TREATED","PCT OF AREA BEARING",66
"BEARING - TREATED","PCT OF AREA BEARING",27
"BEARING - TREATED","PCT OF AREA BEARING",33
"BEARING - TREATED","PCT OF AREA BEARING",93
"BEARING - TREATED","PCT OF AREA BEARING",59
"BEARING - TREATED","PCT OF AREA BEARING",41
"BEARING - TREATED","PCT OF AREA BEARING",71
"BEARING - APPLICATIONS","LB",100
"BEARING - APPLICATIONS","LB",144000
"BEARING - APPLICATIONS","LB",9700
"BEARING - APPLICATIONS","LB",6100
"BEARING - APPLICATIONS","LB",112100
"BEARING - APPLICATIONS","LB",302700
"BEARING - APPLICATIONS","LB",9900
"BEARING - APPLICATIONS","LB",500
"BEARING - APPLICATIONS","LB",400
"BEARING - APPLICATIONS","LB",1500
"BEARING - APPLICATIONS","LB",12300
"BEARING - APPLICATIONS","LB",5100
"BEARING - APPLICATIONS","LB / ACRE / APPLICATION",0.151
"BEARING - APPLICATIONS","LB / ACRE / APPLICATION",2.012
"BEARING - APPLICATIONS","LB / ACRE / APPLICATION",0.244
"BEARING - APPLICATIONS","LB / ACRE / APPLICATION",0.152
"BEARING - APPLICATIONS","LB / ACRE / APPLICATION",2.156
"BEARING - APPLICATIONS","LB / ACRE / APPLICATION",0.031
"BEARING - APPLICATIONS","LB / ACRE / APPLICATION",0.144
"BEARING - APPLICATIONS","LB / ACRE / APPLICATION",0.054
"BEARING - APPLICATIONS","LB / ACRE / APPLICATION",0.058
"BEARING - APPLICATIONS","LB / ACRE / YEAR",0.214
"BEARING - APPLICATIONS","LB / ACRE / YEAR",10.509
"BEARING - APPLICATIONS","LB / ACRE / YEAR",0.756
"BEARING - APPLICATIONS","LB / ACRE / YEAR",0.47
"BEARING - APPLICATIONS","LB / ACRE / YEAR",12.456
"BEARING - APPLICATIONS","LB / ACRE / YEAR",0.033
"BEARING - APPLICATIONS","LB / ACRE / YEAR",0.179
"BEARING - APPLICATIONS","LB / ACRE / YEAR",0.136
"BEARING - APPLICATIONS","LB / ACRE / YEAR",0.06
"BEARING - APPLICATIONS","LB / ACRE / YEAR",0.18
"BEARING - APPLICATIONS","LB / ACRE / YEAR",0.064
"BEARING - APPLICATIONS","NUMBER",5.8
"BEARING - TREATED","PCT OF AREA BEARING",3
"BEARING - TREATED","PCT OF AREA BEARING",96
"BEARING - TREATED","PCT OF AREA BEARING",91
"BEARING - TREATED","PCT OF AREA BEARING",63
"BEARING - TREATED","PCT OF AREA BEARING",100
"BEARING - TREATED","PCT OF AREA BEARING",14
"BEARING - TREATED","PCT OF AREA BEARING",20
"BEARING - TREATED","PCT OF AREA BEARING",6
"BEARING - TREATED","PCT OF AREA BEARING",42
"BEARING - TREATED","PCT OF AREA BEARING",65
"BEARING - TREATED","PCT OF AREA BEARING",22
"BEARING - APPLICATIONS","LB",1900
"BEARING - APPLICATIONS","LB",2100
"BEARING - APPLICATIONS","LB",253600
"BEARING - APPLICATIONS","LB",11300
"BEARING - APPLICATIONS","LB",16700
"BEARING - APPLICATIONS","LB",7500
"BEARING - APPLICATIONS","LB",1800
"BEARING - APPLICATIONS","LB",2400
"BEARING - APPLICATIONS","LB",4100
"BEARING - APPLICATIONS","LB",3400
"BEARING - APPLICATIONS","LB",1200
"BEARING - APPLICATIONS","LB",591200
"BEARING - APPLICATIONS","LB",800
"BEARING - APPLICATIONS","LB",9400
"BEARING - APPLICATIONS","LB",96300
"BEARING - APPLICATIONS","LB",1056400
"BEARING - APPLICATIONS","LB",6300
"BEARING - APPLICATIONS","LB",16900
"BEARING - APPLICATIONS","LB",200
"BEARING - APPLICATIONS","LB",7400
"BEARING - APPLICATIONS","LB",600
"BEARING - APPLICATIONS","LB",1100
"BEARING - APPLICATIONS","LB",5500
"BEARING - APPLICATIONS","LB",2500
"BEARING - APPLICATIONS","LB",2600
"BEARING - APPLICATIONS","LB",29100
"BEARING - APPLICATIONS","LB",2900
"BEARING - APPLICATIONS","LB",5800
"BEARING - APPLICATIONS","LB",2200
"BEARING - APPLICATIONS","LB",700
"BEARING - APPLICATIONS","LB",116700
"BEARING - APPLICATIONS","LB",5692600
"BEARING - APPLICATIONS","LB",848600
"BEARING - APPLICATIONS","LB",1040400
"BEARING - APPLICATIONS","LB",3000
"BEARING - APPLICATIONS","LB",7602900
"BEARING - APPLICATIONS","LB / ACRE / APPLICATION",0.237
"BEARING - APPLICATIONS","LB / ACRE / APPLICATION",0.017
"BEARING - APPLICATIONS","LB / ACRE / APPLICATION",0.372
"BEARING - APPLICATIONS","LB / ACRE / APPLICATION",1.662
"BEARING - APPLICATIONS","LB / ACRE / APPLICATION",0.023
"BEARING - APPLICATIONS","LB / ACRE / APPLICATION",0.333
"BEARING - APPLICATIONS","LB / ACRE / APPLICATION",0.627
"BEARING - APPLICATIONS","LB / ACRE / APPLICATION",0.222
"BEARING - APPLICATIONS","LB / ACRE / APPLICATION",0.125
"BEARING - APPLICATIONS","LB / ACRE / APPLICATION",0.174
"BEARING - APPLICATIONS","LB / ACRE / APPLICATION",0.483
"BEARING - APPLICATIONS","LB / ACRE / APPLICATION",0.279
"BEARING - APPLICATIONS","LB / ACRE / APPLICATION",0.098
"BEARING - APPLICATIONS","LB / ACRE / APPLICATION",2.152
"BEARING - APPLICATIONS","LB / ACRE / APPLICATION",0.113
"BEARING - APPLICATIONS","LB / ACRE / APPLICATION",0.179
"BEARING - APPLICATIONS","LB / ACRE / APPLICATION",0.711
"BEARING - APPLICATIONS","LB / ACRE / APPLICATION",3.779
"BEARING - APPLICATIONS","LB / ACRE / APPLICATION",0.038
"BEARING - APPLICATIONS","LB / ACRE / APPLICATION",0.707
"BEARING - APPLICATIONS","LB / ACRE / APPLICATION",2.144
"BEARING - APPLICATIONS","LB / ACRE / APPLICATION",0.124
"BEARING - APPLICATIONS","LB / ACRE / APPLICATION",0.251
"BEARING - APPLICATIONS","LB / ACRE / APPLICATION",0.084
"BEARING - APPLICATIONS","LB / ACRE / APPLICATION",0.301
"BEARING - APPLICATIONS","LB / ACRE / APPLICATION",1.327
"BEARING - APPLICATIONS","LB / ACRE / APPLICATION",0.018
"BEARING - APPLICATIONS","LB / ACRE / APPLICATION",0.305
"BEARING - APPLICATIONS","LB / ACRE / APPLICATION",0.138
"BEARING - APPLICATIONS","LB / ACRE / APPLICATION",0.029
"BEARING - APPLICATIONS","LB / ACRE / APPLICATION",0.505
"BEARING - APPLICATIONS","LB / ACRE / APPLICATION",0.123
"BEARING - APPLICATIONS","LB / ACRE / APPLICATION",0.066
"BEARING - APPLICATIONS","LB / ACRE / APPLICATION",0.109
"BEARING - APPLICATIONS","LB / ACRE / APPLICATION",0.233
"BEARING - APPLICATIONS","LB / ACRE / APPLICATION",0.106
"BEARING - APPLICATIONS","LB / ACRE / APPLICATION",0.088
"BEARING - APPLICATIONS","LB / ACRE / APPLICATION",0.18
"BEARING - APPLICATIONS","LB / ACRE / APPLICATION",0.218
"BEARING - APPLICATIONS","LB / ACRE / APPLICATION",0.513
"BEARING - APPLICATIONS","LB / ACRE / APPLICATION",2.027
"BEARING - APPLICATIONS","LB / ACRE / APPLICATION",0.907
"BEARING - APPLICATIONS","LB / ACRE / APPLICATION",0.779
"BEARING - APPLICATIONS","LB / ACRE / APPLICATION",2.222
"BEARING - APPLICATIONS","LB / ACRE / APPLICATION",0.041
"BEARING - APPLICATIONS","LB / ACRE / APPLICATION",0.076
"BEARING - APPLICATIONS","LB / ACRE / APPLICATION",0.252
"BEARING - APPLICATIONS","LB / ACRE / APPLICATION",0.065
"BEARING - APPLICATIONS","LB / ACRE / APPLICATION",196.615
"BEARING - APPLICATIONS","LB / ACRE / APPLICATION",70.726
"BEARING - APPLICATIONS","LB / ACRE / APPLICATION",2.372
"BEARING - APPLICATIONS","LB / ACRE / APPLICATION",240.829
"BEARING - APPLICATIONS","LB / ACRE / APPLICATION",0.491
"BEARING - APPLICATIONS","LB / ACRE / APPLICATION",0.199
"BEARING - APPLICATIONS","LB / ACRE / YEAR",0.26
"BEARING - APPLICATIONS","LB / ACRE / YEAR",0.021
"BEARING - APPLICATIONS","LB / ACRE / YEAR",0.506
"BEARING - APPLICATIONS","LB / ACRE / YEAR",14.256
"BEARING - APPLICATIONS","LB / ACRE / YEAR",0.031
"BEARING - APPLICATIONS","LB / ACRE / YEAR",0.591
"BEARING - APPLICATIONS","LB / ACRE / YEAR",0.974
"BEARING - APPLICATIONS","LB / ACRE / YEAR",0.394
"BEARING - APPLICATIONS","LB / ACRE / YEAR",0.254
"BEARING - APPLICATIONS","LB / ACRE / YEAR",0.202
"BEARING - APPLICATIONS","LB / ACRE / YEAR",0.566
"BEARING - APPLICATIONS","LB / ACRE / YEAR",0.237
"BEARING - APPLICATIONS","LB / ACRE / YEAR",0.35
"BEARING - APPLICATIONS","LB / ACRE / YEAR",0.183
"BEARING - APPLICATIONS","LB / ACRE / YEAR",10.775
"BEARING - APPLICATIONS","LB / ACRE / YEAR",0.14
"BEARING - APPLICATIONS","LB / ACRE / YEAR",0.23
"BEARING - APPLICATIONS","LB / ACRE / YEAR",0.989
"BEARING - APPLICATIONS","LB / ACRE / YEAR",0.139
"BEARING - APPLICATIONS","LB / ACRE / YEAR",17.216
"BEARING - APPLICATIONS","LB / ACRE / YEAR",0.056
"BEARING - APPLICATIONS","LB / ACRE / YEAR",0.815
"BEARING - APPLICATIONS","LB / ACRE / YEAR",5.029
"BEARING - APPLICATIONS","LB / ACRE / YEAR",0.249
"BEARING - APPLICATIONS","LB / ACRE / YEAR",0.461
"BEARING - APPLICATIONS","LB / ACRE / YEAR",0.099
"BEARING - APPLICATIONS","LB / ACRE / YEAR",0.388
"BEARING - APPLICATIONS","LB / ACRE / YEAR",1.357
"BEARING - APPLICATIONS","LB / ACRE / YEAR",0.453
"BEARING - APPLICATIONS","LB / ACRE / YEAR",0.184
"BEARING - APPLICATIONS","LB / ACRE / YEAR",0.048
"BEARING - APPLICATIONS","LB / ACRE / YEAR",0.191
"BEARING - APPLICATIONS","LB / ACRE / YEAR",0.107
"BEARING - APPLICATIONS","LB / ACRE / YEAR",0.145
"BEARING - APPLICATIONS","LB / ACRE / YEAR",0.283
"BEARING - APPLICATIONS","LB / ACRE / YEAR",0.251
"BEARING - APPLICATIONS","LB / ACRE / YEAR",0.121
"BEARING - APPLICATIONS","LB / ACRE / YEAR",0.16
"BEARING - APPLICATIONS","LB / ACRE / YEAR",0.245
"BEARING - APPLICATIONS","LB / ACRE / YEAR",0.253
"BEARING - APPLICATIONS","LB / ACRE / YEAR",0.602
"BEARING - APPLICATIONS","LB / ACRE / YEAR",2.443
"BEARING - APPLICATIONS","LB / ACRE / YEAR",0.219
"BEARING - APPLICATIONS","LB / ACRE / YEAR",1.076
"BEARING - APPLICATIONS","LB / ACRE / YEAR",1.159
"BEARING - APPLICATIONS","LB / ACRE / YEAR",2.57
"BEARING - APPLICATIONS","LB / ACRE / YEAR",0.168
"BEARING - APPLICATIONS","LB / ACRE / YEAR",0.067
"BEARING - APPLICATIONS","LB / ACRE / YEAR",0.117
"BEARING - APPLICATIONS","LB / ACRE / YEAR",0.126
"BEARING - APPLICATIONS","LB / ACRE / YEAR",0.274
"BEARING - APPLICATIONS","LB / ACRE / YEAR",0.088
"BEARING - APPLICATIONS","LB / ACRE / YEAR",221.399
"BEARING - APPLICATIONS","LB / ACRE / YEAR",77.467
"BEARING - APPLICATIONS","LB / ACRE / YEAR",0.186
"BEARING - APPLICATIONS","LB / ACRE / YEAR",4.631
"BEARING - APPLICATIONS","LB / ACRE / YEAR",281.989
"BEARING - APPLICATIONS","LB / ACRE / YEAR",0.958
"BEARING - APPLICATIONS","LB / ACRE / YEAR",0.266
"BEARING - APPLICATIONS","NUMBER",8.6
"BEARING - APPLICATIONS","NUMBER",5
"BEARING - APPLICATIONS","NUMBER",4.6
"BEARING - APPLICATIONS","NUMBER",1
"BEARING - TREATED","PCT OF AREA BEARING",18
"BEARING - TREATED","PCT OF AREA BEARING",48
"BEARING - TREATED","PCT OF AREA BEARING",11
"BEARING - TREATED","PCT OF AREA BEARING",10
"BEARING - TREATED","PCT OF AREA BEARING",45
"BEARING - TREATED","PCT OF AREA BEARING",49
"BEARING - TREATED","PCT OF AREA BEARING",39
"BEARING - TREATED","PCT OF AREA BEARING",25
"BEARING - TREATED","PCT OF AREA BEARING",32
"BEARING - TREATED","PCT OF AREA BEARING",21
"BEARING - TREATED","PCT OF AREA BEARING",35
"BEARING - TREATED","PCT OF AREA BEARING",38
"BEARING - TREATED","PCT OF AREA BEARING",99
"BEARING - TREATED","PCT OF AREA BEARING",40
"BEARING - TREATED","PCT OF AREA BEARING",12
"BEARING - TREATED","PCT OF AREA BEARING",5
"BEARING - TREATED","PCT OF AREA BEARING",4
"BEARING - TREATED","PCT OF AREA BEARING",36
"BEARING - TREATED","PCT OF AREA BEARING",9
"BEARING - TREATED","PCT OF AREA BEARING",86
"BEARING - APPLICATIONS","LB",135100
"BEARING - APPLICATIONS","LB",4500
"BEARING - APPLICATIONS","LB",142400
"BEARING - APPLICATIONS","LB",303200
"BEARING - APPLICATIONS","LB / ACRE / APPLICATION",2.025
"BEARING - APPLICATIONS","LB / ACRE / APPLICATION",0.294
"BEARING - APPLICATIONS","LB / ACRE / APPLICATION",0.189
"BEARING - APPLICATIONS","LB / ACRE / APPLICATION",2.38
"BEARING - APPLICATIONS","LB / ACRE / APPLICATION",0.072
"BEARING - APPLICATIONS","LB / ACRE / APPLICATION",0.069
"BEARING - APPLICATIONS","LB / ACRE / YEAR",21.339
"BEARING - APPLICATIONS","LB / ACRE / YEAR",0.816
"BEARING - APPLICATIONS","LB / ACRE / YEAR",0.652
"BEARING - APPLICATIONS","LB / ACRE / YEAR",22.509
"BEARING - APPLICATIONS","LB / ACRE / YEAR",0.037
"BEARING - APPLICATIONS","LB / ACRE / YEAR",0.187
"BEARING - APPLICATIONS","LB / ACRE / YEAR",0.124
"BEARING - APPLICATIONS","NUMBER",10.5
"BEARING - APPLICATIONS","NUMBER",3.4
"BEARING - APPLICATIONS","NUMBER",9.5
"BEARING - APPLICATIONS","NUMBER",2.6
"BEARING - TREATED","PCT OF AREA BEARING",58
"BEARING - TREATED","PCT OF AREA BEARING",62
"BEARING - APPLICATIONS","LB",283500
"BEARING - APPLICATIONS","LB",16600
"BEARING - APPLICATIONS","LB",900
"BEARING - APPLICATIONS","LB",15000
"BEARING - APPLICATIONS","LB",11100
"BEARING - APPLICATIONS","LB",34200
"BEARING - APPLICATIONS","LB",9300
"BEARING - APPLICATIONS","LB",7000
"BEARING - APPLICATIONS","LB",1400
"BEARING - APPLICATIONS","LB",1600
"BEARING - APPLICATIONS","LB",4800
"BEARING - APPLICATIONS","LB",686000
"BEARING - APPLICATIONS","LB",90900
"BEARING - APPLICATIONS","LB",1233500
"BEARING - APPLICATIONS","LB",4200
"BEARING - APPLICATIONS","LB",10200
"BEARING - APPLICATIONS","LB",17900
"BEARING - APPLICATIONS","LB",7300
"BEARING - APPLICATIONS","LB",5200
"BEARING - APPLICATIONS","LB",6000
"BEARING - APPLICATIONS","LB",3500
"BEARING - APPLICATIONS","LB",56700
"BEARING - APPLICATIONS","LB",12700
"BEARING - APPLICATIONS","LB",51600
"BEARING - APPLICATIONS","LB",1000
"BEARING - APPLICATIONS","LB",212600
"BEARING - APPLICATIONS","LB",6146600
"BEARING - APPLICATIONS","LB",1045700
"BEARING - APPLICATIONS","LB",254000
"BEARING - APPLICATIONS","LB",244000
"BEARING - APPLICATIONS","LB",7698900
"BEARING - APPLICATIONS","LB / ACRE / APPLICATION",0.205
"BEARING - APPLICATIONS","LB / ACRE / APPLICATION",0.482
"BEARING - APPLICATIONS","LB / ACRE / APPLICATION",0.337
"BEARING - APPLICATIONS","LB / ACRE / APPLICATION",1.739
"BEARING - APPLICATIONS","LB / ACRE / APPLICATION",0.32
"BEARING - APPLICATIONS","LB / ACRE / APPLICATION",0.623
"BEARING - APPLICATIONS","LB / ACRE / APPLICATION",0.213
"BEARING - APPLICATIONS","LB / ACRE / APPLICATION",0.168
"BEARING - APPLICATIONS","LB / ACRE / APPLICATION",3.997
"BEARING - APPLICATIONS","LB / ACRE / APPLICATION",0.493
"BEARING - APPLICATIONS","LB / ACRE / APPLICATION",0.303
"BEARING - APPLICATIONS","LB / ACRE / APPLICATION",0.073
"BEARING - APPLICATIONS","LB / ACRE / APPLICATION",2.381
"BEARING - APPLICATIONS","LB / ACRE / APPLICATION",0.51
"BEARING - APPLICATIONS","LB / ACRE / APPLICATION",0.097
"BEARING - APPLICATIONS","LB / ACRE / APPLICATION",3.656
"BEARING - APPLICATIONS","LB / ACRE / APPLICATION",0.039
"BEARING - APPLICATIONS","LB / ACRE / APPLICATION",0.669
"BEARING - APPLICATIONS","LB / ACRE / APPLICATION",2.219
"BEARING - APPLICATIONS","LB / ACRE / APPLICATION",0.23
"BEARING - APPLICATIONS","LB / ACRE / APPLICATION",0.024
"BEARING - APPLICATIONS","LB / ACRE / APPLICATION",0.089
"BEARING - APPLICATIONS","LB / ACRE / APPLICATION",0.313
"BEARING - APPLICATIONS","LB / ACRE / APPLICATION",1.202
"BEARING - APPLICATIONS","LB / ACRE / APPLICATION",0.297
"BEARING - APPLICATIONS","LB / ACRE / APPLICATION",0.126
"BEARING - APPLICATIONS","LB / ACRE / APPLICATION",0.034
"BEARING - APPLICATIONS","LB / ACRE / APPLICATION",0.496
"BEARING - APPLICATIONS","LB / ACRE / APPLICATION",0.067
"BEARING - APPLICATIONS","LB / ACRE / APPLICATION",0.111
"BEARING - APPLICATIONS","LB / ACRE / APPLICATION",0.135
"BEARING - APPLICATIONS","LB / ACRE / APPLICATION",0.286
"BEARING - APPLICATIONS","LB / ACRE / APPLICATION",0.103
"BEARING - APPLICATIONS","LB / ACRE / APPLICATION",0.085
"BEARING - APPLICATIONS","LB / ACRE / APPLICATION",0.158
"BEARING - APPLICATIONS","LB / ACRE / APPLICATION",0.177
"BEARING - APPLICATIONS","LB / ACRE / APPLICATION",0.515
"BEARING - APPLICATIONS","LB / ACRE / APPLICATION",1.991
"BEARING - APPLICATIONS","LB / ACRE / APPLICATION",0.904
"BEARING - APPLICATIONS","LB / ACRE / APPLICATION",5.151
"BEARING - APPLICATIONS","LB / ACRE / APPLICATION",0.059
"BEARING - APPLICATIONS","LB / ACRE / APPLICATION",0.478
"BEARING - APPLICATIONS","LB / ACRE / APPLICATION",0.044
"BEARING - APPLICATIONS","LB / ACRE / APPLICATION",0.068
"BEARING - APPLICATIONS","LB / ACRE / APPLICATION",0.093
"BEARING - APPLICATIONS","LB / ACRE / APPLICATION",0.243
"BEARING - APPLICATIONS","LB / ACRE / APPLICATION",244.066
"BEARING - APPLICATIONS","LB / ACRE / APPLICATION",83.557
"BEARING - APPLICATIONS","LB / ACRE / APPLICATION",214.011
"BEARING - APPLICATIONS","LB / ACRE / APPLICATION",228.063
"BEARING - APPLICATIONS","LB / ACRE / APPLICATION",0.191
"BEARING - APPLICATIONS","LB / ACRE / YEAR",0.447
"BEARING - APPLICATIONS","LB / ACRE / YEAR",0.54
"BEARING - APPLICATIONS","LB / ACRE / YEAR",0.051
"BEARING - APPLICATIONS","LB / ACRE / YEAR",0.508
"BEARING - APPLICATIONS","LB / ACRE / YEAR",10.456
"BEARING - APPLICATIONS","LB / ACRE / YEAR",0.034
"BEARING - APPLICATIONS","LB / ACRE / YEAR",0.765
"BEARING - APPLICATIONS","LB / ACRE / YEAR",0.25
"BEARING - APPLICATIONS","LB / ACRE / YEAR",1.163
"BEARING - APPLICATIONS","LB / ACRE / YEAR",0.51
"BEARING - APPLICATIONS","LB / ACRE / YEAR",0.224
"BEARING - APPLICATIONS","LB / ACRE / YEAR",0.361
"BEARING - APPLICATIONS","LB / ACRE / YEAR",18.136
"BEARING - APPLICATIONS","LB / ACRE / YEAR",1.215
"BEARING - APPLICATIONS","LB / ACRE / YEAR",0.281
"BEARING - APPLICATIONS","LB / ACRE / YEAR",0.625
"BEARING - APPLICATIONS","LB / ACRE / YEAR",0.149
"BEARING - APPLICATIONS","LB / ACRE / YEAR",2.908
"BEARING - APPLICATIONS","LB / ACRE / YEAR",0.883
"BEARING - APPLICATIONS","LB / ACRE / YEAR",0.264
"BEARING - APPLICATIONS","LB / ACRE / YEAR",26.646
"BEARING - APPLICATIONS","LB / ACRE / YEAR",0.058
"BEARING - APPLICATIONS","LB / ACRE / YEAR",1.041
"BEARING - APPLICATIONS","LB / ACRE / YEAR",5.064
"BEARING - APPLICATIONS","LB / ACRE / YEAR",0.235
"BEARING - APPLICATIONS","LB / ACRE / YEAR",0.55
"BEARING - APPLICATIONS","LB / ACRE / YEAR",0.074
"BEARING - APPLICATIONS","LB / ACRE / YEAR",0.217
"BEARING - APPLICATIONS","LB / ACRE / YEAR",0.428
"BEARING - APPLICATIONS","LB / ACRE / YEAR",1.84
"BEARING - APPLICATIONS","LB / ACRE / YEAR",0.04
"BEARING - APPLICATIONS","LB / ACRE / YEAR",0.182
"BEARING - APPLICATIONS","LB / ACRE / YEAR",0.091
"BEARING - APPLICATIONS","LB / ACRE / YEAR",0.978
"BEARING - APPLICATIONS","LB / ACRE / YEAR",0.346
"BEARING - APPLICATIONS","LB / ACRE / YEAR",0.119
"BEARING - APPLICATIONS","LB / ACRE / YEAR",0.222
"BEARING - APPLICATIONS","LB / ACRE / YEAR",0.299
"BEARING - APPLICATIONS","LB / ACRE / YEAR",0.581
"BEARING - APPLICATIONS","LB / ACRE / YEAR",0.531
"BEARING - APPLICATIONS","LB / ACRE / YEAR",0.128
"BEARING - APPLICATIONS","LB / ACRE / YEAR",0.161
"BEARING - APPLICATIONS","LB / ACRE / YEAR",0.399
"BEARING - APPLICATIONS","LB / ACRE / YEAR",0.269
"BEARING - APPLICATIONS","LB / ACRE / YEAR",0.793
"BEARING - APPLICATIONS","LB / ACRE / YEAR",5.571
"BEARING - APPLICATIONS","LB / ACRE / YEAR",1.665
"BEARING - APPLICATIONS","LB / ACRE / YEAR",0.334
"BEARING - APPLICATIONS","LB / ACRE / YEAR",7.924
"BEARING - APPLICATIONS","LB / ACRE / YEAR",0.192
"BEARING - APPLICATIONS","LB / ACRE / YEAR",0.884
"BEARING - APPLICATIONS","LB / ACRE / YEAR",0.108
"BEARING - APPLICATIONS","LB / ACRE / YEAR",0.113
"BEARING - APPLICATIONS","LB / ACRE / YEAR",0.307
"BEARING - APPLICATIONS","LB / ACRE / YEAR",0.137
"BEARING - APPLICATIONS","LB / ACRE / YEAR",0.164
"BEARING - APPLICATIONS","LB / ACRE / YEAR",345.893
"BEARING - APPLICATIONS","LB / ACRE / YEAR",125.71
"BEARING - APPLICATIONS","LB / ACRE / YEAR",0.188
"BEARING - APPLICATIONS","LB / ACRE / YEAR",244.72
"BEARING - APPLICATIONS","LB / ACRE / YEAR",303.425
"BEARING - APPLICATIONS","LB / ACRE / YEAR",0.231
"BEARING - APPLICATIONS","NUMBER",6
"BEARING - APPLICATIONS","NUMBER",4.5
"BEARING - APPLICATIONS","NUMBER",2.7
"BEARING - APPLICATIONS","NUMBER",7.3
"BEARING - APPLICATIONS","NUMBER",3.2
"BEARING - APPLICATIONS","NUMBER",4.3
"BEARING - APPLICATIONS","NUMBER",3.5
"BEARING - TREATED","PCT OF AREA BEARING",8
"BEARING - TREATED","PCT OF AREA BEARING",76
"BEARING - TREATED","PCT OF AREA BEARING",51
"BEARING - TREATED","PCT OF AREA BEARING",72
"BEARING - TREATED","PCT OF AREA BEARING",2
"BEARING - APPLICATIONS","LB",12000
"BEARING - APPLICATIONS","LB",146100
"BEARING - APPLICATIONS","LB",2700
"BEARING - APPLICATIONS","LB",54800
"BEARING - APPLICATIONS","LB",286900
"BEARING - APPLICATIONS","LB",125900
"BEARING - APPLICATIONS","LB / ACRE / APPLICATION",0.858
"BEARING - APPLICATIONS","LB / ACRE / APPLICATION",2.098
"BEARING - APPLICATIONS","LB / ACRE / APPLICATION",0.206
"BEARING - APPLICATIONS","LB / ACRE / APPLICATION",1.34
"BEARING - APPLICATIONS","LB / ACRE / APPLICATION",2.036
"BEARING - APPLICATIONS","LB / ACRE / APPLICATION",0.045
"BEARING - APPLICATIONS","LB / ACRE / APPLICATION",0.099
"BEARING - APPLICATIONS","LB / ACRE / APPLICATION",0.141
"BEARING - APPLICATIONS","LB / ACRE / APPLICATION",0.05
"BEARING - APPLICATIONS","LB / ACRE / YEAR",4.123
"BEARING - APPLICATIONS","LB / ACRE / YEAR",16.856
"BEARING - APPLICATIONS","LB / ACRE / YEAR",0.642
"BEARING - APPLICATIONS","LB / ACRE / YEAR",4.888
"BEARING - APPLICATIONS","LB / ACRE / YEAR",10.166
"BEARING - APPLICATIONS","LB / ACRE / YEAR",0.127
"BEARING - APPLICATIONS","LB / ACRE / YEAR",0.663
"BEARING - APPLICATIONS","LB / ACRE / YEAR",0.077
"BEARING - APPLICATIONS","LB / ACRE / YEAR",0.212
"BEARING - APPLICATIONS","LB / ACRE / YEAR",0.116
"BEARING - APPLICATIONS","LB / ACRE / YEAR",0.095
"BEARING - APPLICATIONS","NUMBER",4.8
"BEARING - APPLICATIONS","NUMBER",8
"BEARING - APPLICATIONS","NUMBER",3.6
"BEARING - APPLICATIONS","NUMBER",4.7
"BEARING - TREATED","PCT OF AREA BEARING",64
"BEARING - TREATED","PCT OF AREA BEARING",54
"BEARING - TREATED","PCT OF AREA BEARING",95
"BEARING - TREATED","PCT OF AREA BEARING",13
"BEARING - TREATED","PCT OF AREA BEARING",97
"BEARING - APPLICATIONS","LB",94800
"BEARING - APPLICATIONS","LB",4900
"BEARING - APPLICATIONS","LB",15200
"BEARING - APPLICATIONS","LB",298200
"BEARING - APPLICATIONS","LB",20100
"BEARING - APPLICATIONS","LB",466900
"BEARING - APPLICATIONS","LB",8000
"BEARING - APPLICATIONS","LB",90500
"BEARING - APPLICATIONS","LB",134400
"BEARING - APPLICATIONS","LB",2749500
"BEARING - APPLICATIONS","LB",668000
"BEARING - APPLICATIONS","LB",3586800
"BEARING - APPLICATIONS","LB / ACRE / APPLICATION",0.358
"BEARING - APPLICATIONS","LB / ACRE / APPLICATION",1.878
"BEARING - APPLICATIONS","LB / ACRE / APPLICATION",0.022
"BEARING - APPLICATIONS","LB / ACRE / APPLICATION",0.59
"BEARING - APPLICATIONS","LB / ACRE / APPLICATION",0.214
"BEARING - APPLICATIONS","LB / ACRE / APPLICATION",0.17
"BEARING - APPLICATIONS","LB / ACRE / APPLICATION",0.488
"BEARING - APPLICATIONS","LB / ACRE / APPLICATION",0.104
"BEARING - APPLICATIONS","LB / ACRE / APPLICATION",2.425
"BEARING - APPLICATIONS","LB / ACRE / APPLICATION",0.171
"BEARING - APPLICATIONS","LB / ACRE / APPLICATION",0.628
"BEARING - APPLICATIONS","LB / ACRE / APPLICATION",0.096
"BEARING - APPLICATIONS","LB / ACRE / APPLICATION",4.865
"BEARING - APPLICATIONS","LB / ACRE / APPLICATION",0.636
"BEARING - APPLICATIONS","LB / ACRE / APPLICATION",2.078
"BEARING - APPLICATIONS","LB / ACRE / APPLICATION",0.241
"BEARING - APPLICATIONS","LB / ACRE / APPLICATION",0.353
"BEARING - APPLICATIONS","LB / ACRE / APPLICATION",1.364
"BEARING - APPLICATIONS","LB / ACRE / APPLICATION",0.118
"BEARING - APPLICATIONS","LB / ACRE / APPLICATION",0.032
"BEARING - APPLICATIONS","LB / ACRE / APPLICATION",0.49
"BEARING - APPLICATIONS","LB / ACRE / APPLICATION",0.082
"BEARING - APPLICATIONS","LB / ACRE / APPLICATION",0.172
"BEARING - APPLICATIONS","LB / ACRE / APPLICATION",0.181
"BEARING - APPLICATIONS","LB / ACRE / APPLICATION",1.799
"BEARING - APPLICATIONS","LB / ACRE / APPLICATION",0.176
"BEARING - APPLICATIONS","LB / ACRE / APPLICATION",0.891
"BEARING - APPLICATIONS","LB / ACRE / APPLICATION",6.34
"BEARING - APPLICATIONS","LB / ACRE / APPLICATION",0.091
"BEARING - APPLICATIONS","LB / ACRE / APPLICATION",0.25
"BEARING - APPLICATIONS","LB / ACRE / APPLICATION",0.06
"BEARING - APPLICATIONS","LB / ACRE / APPLICATION",236.901
"BEARING - APPLICATIONS","LB / ACRE / APPLICATION",83.195
"BEARING - APPLICATIONS","LB / ACRE / APPLICATION",0.226
"BEARING - APPLICATIONS","LB / ACRE / YEAR",0.298
"BEARING - APPLICATIONS","LB / ACRE / YEAR",0.565
"BEARING - APPLICATIONS","LB / ACRE / YEAR",6.452
"BEARING - APPLICATIONS","LB / ACRE / YEAR",0.026
"BEARING - APPLICATIONS","LB / ACRE / YEAR",1.005
"BEARING - APPLICATIONS","LB / ACRE / YEAR",0.143
"BEARING - APPLICATIONS","LB / ACRE / YEAR",0.711
"BEARING - APPLICATIONS","LB / ACRE / YEAR",0.167
"BEARING - APPLICATIONS","LB / ACRE / YEAR",0.402
"BEARING - APPLICATIONS","LB / ACRE / YEAR",0.05
"BEARING - APPLICATIONS","LB / ACRE / YEAR",3.52
"BEARING - APPLICATIONS","LB / ACRE / YEAR",0.221
"BEARING - APPLICATIONS","LB / ACRE / YEAR",0.305
"BEARING - APPLICATIONS","LB / ACRE / YEAR",0.762
"BEARING - APPLICATIONS","LB / ACRE / YEAR",12.88
"BEARING - APPLICATIONS","LB / ACRE / YEAR",0.055
"BEARING - APPLICATIONS","LB / ACRE / YEAR",0.827
"BEARING - APPLICATIONS","LB / ACRE / YEAR",4.285
"BEARING - APPLICATIONS","LB / ACRE / YEAR",0.148
"BEARING - APPLICATIONS","LB / ACRE / YEAR",0.396
"BEARING - APPLICATIONS","LB / ACRE / YEAR",0.105
"BEARING - APPLICATIONS","LB / ACRE / YEAR",1.944
"BEARING - APPLICATIONS","LB / ACRE / YEAR",0.027
"BEARING - APPLICATIONS","LB / ACRE / YEAR",0.364
"BEARING - APPLICATIONS","LB / ACRE / YEAR",0.165
"BEARING - APPLICATIONS","LB / ACRE / YEAR",0.645
"BEARING - APPLICATIONS","LB / ACRE / YEAR",0.163
"BEARING - APPLICATIONS","LB / ACRE / YEAR",0.084
"BEARING - APPLICATIONS","LB / ACRE / YEAR",0.24
"BEARING - APPLICATIONS","LB / ACRE / YEAR",0.234
"BEARING - APPLICATIONS","LB / ACRE / YEAR",0.63
"BEARING - APPLICATIONS","LB / ACRE / YEAR",3.062
"BEARING - APPLICATIONS","LB / ACRE / YEAR",1.091
"BEARING - APPLICATIONS","LB / ACRE / YEAR",10.762
"BEARING - APPLICATIONS","LB / ACRE / YEAR",0.083
"BEARING - APPLICATIONS","LB / ACRE / YEAR",0.104
"BEARING - APPLICATIONS","LB / ACRE / YEAR",0.319
"BEARING - APPLICATIONS","LB / ACRE / YEAR",0.086
"BEARING - APPLICATIONS","LB / ACRE / YEAR",256.687
"BEARING - APPLICATIONS","LB / ACRE / YEAR",85.17
"BEARING - APPLICATIONS","LB / ACRE / YEAR",0.129
"BEARING - TREATED","PCT OF AREA BEARING",1
"BEARING - APPLICATIONS","LB",87400
"BEARING - APPLICATIONS","LB",22500
"BEARING - APPLICATIONS","LB",128400
"BEARING - APPLICATIONS","LB",102700
"BEARING - APPLICATIONS","LB / ACRE / APPLICATION",1.858
"BEARING - APPLICATIONS","LB / ACRE / APPLICATION",0.33
"BEARING - APPLICATIONS","LB / ACRE / APPLICATION",0.221
"BEARING - APPLICATIONS","LB / ACRE / APPLICATION",1.632
"BEARING - APPLICATIONS","LB / ACRE / YEAR",9.193
"BEARING - APPLICATIONS","LB / ACRE / YEAR",0.997
"BEARING - APPLICATIONS","LB / ACRE / YEAR",0.501
"BEARING - APPLICATIONS","LB / ACRE / YEAR",6.049
"BEARING - APPLICATIONS","NUMBER",4.9
"BEARING - APPLICATIONS","NUMBER",3.7
